eval_index	episode_id	start_step	dataset_goal_step	declared_goal_offset	source_global_row	goal_global_row	selection_hash
0	4259	172	196	25	856231	856255	0000c01856cec9ff5859c2a0495248025c954ee3fe0b8f9dea49da24ead6871e
1	9956	144	168	25	2001300	2001324	00011c5d80087f0a1219922c347a62b5c1c54c0339cf4a4156651c8fa8fbecec
2	8570	51	75	25	1722621	1722645	00017899adbbaa3ce544f296cb2ab94b4895956e66708958e2f2e0584d5ba298
3	7075	33	57	25	1422108	1422132	000181c201b2f40ba818caa720760bb6ca1467d778e6b121dd010e1a835f97df
4	3161	121	145	25	635482	635506	0001ca58b43175a87b0c5dac21e2f33b0ace9966a229e3f495e5e200c007bf4b
5	9202	78	102	25	1849680	1849704	00030d74b3545cea15b26d482e24bbc95d6d304465b1bb9e4ba96cd8884d2b95
6	4644	164	188	25	933608	933632	0003162fa5efb725e113df183ba75cf2baf535940ec73077b7ced76a906160fd
7	4266	77	101	25	857543	857567	0003190c60c411cf3533b5089f09df6a27503bdd2a632ea16c5cca65675152af
8	8728	13	37	25	1754341	1754365	0003d467fccdb66f52045f1276d4ed84f80cd5b37da67bf0a17efea23edbd8a5
9	1955	116	140	25	393071	393095	000484a69cd642032435e4a61fac3001db131b583d53ebdc71c387dcf97f1939
10	9733	89	113	25	1956422	1956446	0005185da5c2d871cf25ef64f06244424cf1fa96b7e1a8447b709d51ddcabe84
11	6271	70	94	25	1260541	1260565	00055e044bc8b27a9deeef4b5b5784245dfdf3943e7a0ea251a32e9b794b3b4a
12	6967	5	29	25	1400372	1400396	00056ff306fcc8d0b5b966fd99e143b58d54989e515461744ce5598cb3b60d6a
13	8738	12	36	25	1756350	1756374	0005712dcd6f0f08799d35c4ea573ce18e1374fb82119015b95a21ad3e1a17e0
14	4131	137	161	25	830468	830492	000579b13887ef54bf800220f0dfde28ccadfd181c06837188c2e68d5d081387
15	245	98	122	25	49343	49367	00059ab93b3a0e78d1ad296a687e0edf1df2c92713fe02a2e145a54d23165932
16	794	63	87	25	159657	159681	000737daef5aa83f447a6579dee7a178220ab6cf748472b9641e7b1986651fee
17	6997	30	54	25	1406427	1406451	0007ba9ee98b98a9dcc758ab1e85f309b4aa43657675b9c491670003157fad41
18	9469	29	53	25	1903298	1903322	000850363b1d7a429cef409b2e36c2d8718859ea776e05668d23ca287ddb1c66
19	287	141	165	25	57828	57852	0008a0404b6b57f69b377ff5c25b3941b6bf93032cd82977e08f9dcb2effec07
20	5348	70	94	25	1075018	1075042	0009f83e83f38de2419ee4ca79a28fe8c7f6a658b5c8d6d55d5f203107c8cbf6
21	2237	64	88	25	449701	449725	000a0c7c3733586dff199c971a7a85eedc22939aa8194af0f8a3ddd6196348d0
22	399	174	198	25	80373	80397	000a213438a9853343e44c2ae5d463acdd057708a9416f72171837d186798327
23	8699	101	125	25	1748600	1748624	000a7bd1213526257b7adef512d4b9fd47fd2024fee729a96aabc246f60f1af7
24	3440	84	108	25	691524	691548	000aec37bddef40b7c901a949f0781ce4750674a3b90163083d07a227ad1a618
25	3938	127	151	25	791665	791689	000b34bc7285b8c1414248fbe400655ea86970b551305969f1be31dbc1a7ff5f
26	1539	22	46	25	309361	309385	000c4e22e0ee2d978872f93c4d8a7926e48930dbaba93586c8454bbe7bda8f19
27	4338	98	122	25	872036	872060	000ccfa80110e69342436707a9c30bc3a28909bcdfe1bf10f717e405f6527989
28	2248	111	135	25	451959	451983	000ce87163bbfb9b7eb2beae7a4078f7aaa72a3ea0370b33583553e54e93353c
29	5212	156	180	25	1047768	1047792	000d45dddc185e9d74a1f1d4a7e0e914ab58bd0f77c63117f0d488fb504e4d5f
30	3887	110	134	25	781397	781421	000d48cce6e38de65fc5783f085c2d977ebf7244868b9adfea62c04d3929c83b
31	854	124	148	25	171778	171802	000d71bd79cffec6222af7c84e65f679efa13919ddc6518f49a22eb75d02d749
32	6305	24	48	25	1267329	1267353	000dbe19251e9093a44a1377eb7ec3df376c9a7e059a90db0e7022eca4da406f
33	3959	175	199	25	795934	795958	000dbe3f65e56c6b7ced96c0daad6923f4114f91fb9ff43970eca42a6eee95aa
34	8557	3	27	25	1719960	1719984	000dfdf773356265b87caa6677bbe9be4c77668ed8ed8cb7b85c7b080e7ff33b
35	9141	24	48	25	1837365	1837389	000e62cbcd1eb38be52c1fae1204881c787bb689543547629c2ba3b772351c9c
36	1691	99	123	25	339990	340014	000e69edbc0114f761ef21a9c51fbee17f14c196e1d82d1a7aaeba5d361d4011
37	5123	156	180	25	1029879	1029903	000ecf209000d96f30da255b4772b77be45d326ad846dae4686c459b83ca3614
38	1073	85	109	25	215758	215782	000ef5a582c64b923b45ed3b57e7f4a905fab1a32d97c91a5fad34f34dd3aed7
39	3646	171	195	25	733017	733041	000f044d3ac391afefb269c1b9c3c0a4cb231e9eb57bda230c19fa81aa723b19
40	4700	164	188	25	944864	944888	000f097d0ba7cfdb6993ab1c0a8cc70ccf3eeef682d37726e52f49cc416caa6c
41	3887	97	121	25	781384	781408	000f16312eb84aac7240345cb9a198322cde5f105883a0d9febfb16201c4dece
42	5126	72	96	25	1030398	1030422	000f3c14f6bff9676809eecd410ecf66e46db939718d4ea0900e3c6af24e2300
43	5506	171	195	25	1106877	1106901	000f6a5dfbbbef61f5d2323843cdd9a34d53bc7180cf513202aaf365dabce1fa
44	9032	167	191	25	1815599	1815623	000f81fea90e93b27aadf2681440758b498463b371a8240e28b790e99f2db7d2
45	4703	109	133	25	945412	945436	000fbde8510bd9b09f62b0e55897266908318e648eb79899cc3acb7b6f126fbb
46	5237	68	92	25	1052705	1052729	001041660207a1e38f580d770bd4167069625e86a3a1311b33eb5f84820408eb
47	4225	167	191	25	849392	849416	001047d67108854324f2942e1c92ea4024a5d164d51e6c86abf11b4728fade4d
48	5663	1	25	25	1138264	1138288	00112c5b5d5225ef05398e0dd710fd32a98e07a6144e57b312125d059347d70d
49	2471	96	120	25	496767	496791	00117a8870ad0a93e21c74707e85a8633800576e3720aa15f3529b002b44bef9
