eval_index	base_index	episode_id	start_step	goal_horizon	dataset_goal_step	source_global_row	goal_global_row	selection_hash
0	0	7077	16	75	90	1422493	1422567	00007e65e1a06df4ac027c6ee880cd24b232d6775263df964f6ef942062be5eb
1	1	4756	5	75	79	955961	956035	00042995985907f9203fd218c37b42cea7780de9cf524f1a3345f3bc49412379
2	2	2169	22	75	96	435991	436065	000439cebf19f996f053c61bb84760b85dcd7ede744a17ef56aecd225c5fc5a0
3	3	3507	20	75	94	704927	705001	0004beed0d83fe5f119222556143b56dcc5c5327714c20fd62815c14a6b2452b
4	4	9955	48	75	122	2001003	2001077	0004cb0905e73fbc21919ef9a8a01ba5c733387660c05a964d351e13630b43ac
5	5	8769	24	75	98	1762593	1762667	00057ba6ae56eab336f0f6315d52419d0ad877c0e07107c7b8b9f498ab52a4e1
6	6	8448	45	75	119	1698093	1698167	0005e2f513db57746d69cedf195db70c42fac109f817a37b3503a419c9447f24
7	7	1033	21	75	95	207654	207728	000a0416dd6f2e18e356330d67d841fe72f4bb0ba9b82b34568d570043316dcc
8	8	8476	34	75	108	1703710	1703784	000b6470d60ea89ae3a2d25a0368731823ff918a77679fe5d23cdb7ef07930f2
9	9	8527	44	75	118	1713971	1714045	000e35a4d183d6d99801fc92885395af5a6977e7c0a2d767a6205c9b98d58694
10	10	1156	13	75	87	232369	232443	000eb5b7b816b10d7eeef2d65b304c9fd06e3a44687f270355140498bc77776b
11	11	2169	44	75	118	436013	436087	0011b2406480f3d49678181ec69095a4bbaa9f747a1ed8971f7b56e35805df96
12	0	7077	16	150	165	1422493	1422642	00007e65e1a06df4ac027c6ee880cd24b232d6775263df964f6ef942062be5eb
13	1	4756	5	150	154	955961	956110	00042995985907f9203fd218c37b42cea7780de9cf524f1a3345f3bc49412379
14	2	2169	22	150	171	435991	436140	000439cebf19f996f053c61bb84760b85dcd7ede744a17ef56aecd225c5fc5a0
15	3	3507	20	150	169	704927	705076	0004beed0d83fe5f119222556143b56dcc5c5327714c20fd62815c14a6b2452b
16	4	9955	48	150	197	2001003	2001152	0004cb0905e73fbc21919ef9a8a01ba5c733387660c05a964d351e13630b43ac
17	5	8769	24	150	173	1762593	1762742	00057ba6ae56eab336f0f6315d52419d0ad877c0e07107c7b8b9f498ab52a4e1
18	6	8448	45	150	194	1698093	1698242	0005e2f513db57746d69cedf195db70c42fac109f817a37b3503a419c9447f24
19	7	1033	21	150	170	207654	207803	000a0416dd6f2e18e356330d67d841fe72f4bb0ba9b82b34568d570043316dcc
20	8	8476	34	150	183	1703710	1703859	000b6470d60ea89ae3a2d25a0368731823ff918a77679fe5d23cdb7ef07930f2
21	9	8527	44	150	193	1713971	1714120	000e35a4d183d6d99801fc92885395af5a6977e7c0a2d767a6205c9b98d58694
22	10	1156	13	150	162	232369	232518	000eb5b7b816b10d7eeef2d65b304c9fd06e3a44687f270355140498bc77776b
23	11	2169	44	150	193	436013	436162	0011b2406480f3d49678181ec69095a4bbaa9f747a1ed8971f7b56e35805df96
