eval_index	shard_index	episode_id	start_step	dataset_goal_step	declared_goal_offset	source_global_row	goal_global_row	selection_hash
0	0	2861	55	79	25	575116	575140	000035e90d54842e20c8fae73537e2c028f7ed1cc9db45ea67ac2cf46526d2fd
1	0	5434	133	157	25	1092367	1092391	000048d62f1f2c78c49318691b236e292f4bd5019c9264662e9e11733ed40c0b
2	0	419	72	96	25	84291	84315	000097df71dd47ebe5382a9b92cfac15a6ddff41e69f543a8ada4485ea0db6fe
3	0	6876	66	90	25	1382142	1382166	0000d4a79b00674c161b0440e95ccdde84f41ade7ac6dfb7c5ce6a22b12a0d64
4	0	1532	109	133	25	308041	308065	00014882e2dcf52be7673b808f8dca44b3c1efcb5836dbd7a21bdae8c8d08b5b
5	0	5339	63	87	25	1073202	1073226	00029732e47f4ae73289b2b444314a427944a2cb88a513a08cdfbfbc1c0af1fe
6	0	5249	168	192	25	1055217	1055241	0003e12c9e64443b9d33ba5716fb78d47356fc53b80713be38042506b4afda46
7	0	1465	103	127	25	294568	294592	0003fd0fceebb444381851a2f3f9497d79cea3fcf8181791daff39f8d172a778
8	0	347	5	29	25	69752	69776	00041ea03f2ca7b726c671dbd9196ccfe0766dc616229467aa7de794b1ced702
9	0	8865	50	74	25	1781915	1781939	00054d76d73efbc4ecb9a20e458a9a56e7be50f02efc1e1781b8d56493e4a57f
10	0	4631	108	132	25	930939	930963	0005551b9cbcaaeeddf4140701b88c014f5fe80d9ddcb76392b8485d5b017e21
11	0	7120	172	196	25	1431292	1431316	000560277e62dcdd857a5e824ec4b4ed66f1968950087f86538f06007168b063
12	0	7760	2	26	25	1559762	1559786	00057cbf248242aeb0920fe27358dfe2127fbe94b3f04a9f89295658a3231097
13	0	2506	56	80	25	503762	503786	0005ef95366a367cfd1b57b324f05d7b1eaaafc93da66219bd9271ffb9db484f
14	0	7378	86	110	25	1483064	1483088	0006899fa4da3f9003bb8f40125cedc10c5b06e42e7fb3701879df8814c01262
15	0	813	47	71	25	163460	163484	0006a94295e86fc591662d74e51de0ca6cc0bd1c78deac8a7c9b72056e4def2c
16	0	9581	169	193	25	1925950	1925974	0006b93bf850fcf8374ac3564748427fdecbc32a76870426461e149d6d90de7b
17	0	4350	126	150	25	874476	874500	0006d978825d42f27ffb5575eceed76679b46de8b151545d950ab3d78089fbca
18	0	5756	19	43	25	1156975	1156999	0006ebee89778a9b5095146d52ba160b12afffec191fcac3decb569b40c45d97
19	0	9741	93	117	25	1958034	1958058	0007bd36183bdf27f14ac2ea70b597eeb9f872b443eabf35b363832b3691382c
20	0	9739	142	166	25	1957681	1957705	0007d609135120a81a8e4b4c59a9969b4687a2d74919cdb4a9308d65d0137e58
21	0	3041	172	196	25	611413	611437	0007e0c1a0252875c335df8daca8e763ca853b2cb9bcda59e9829404ccbd6d52
22	0	6365	154	178	25	1279519	1279543	000918cc919797d992bba96f6061106088477eca15dfc366f2979792fa10dd9b
23	0	7917	64	88	25	1591381	1591405	0009b11466b205b249245a4bdfa4ca48aadd2ff555f683fad24501db800af34a
24	0	5622	64	88	25	1130086	1130110	0009e6c9c737649c444abae5a1bd5325472399584d36520bf0b50b82b448de6f
25	0	4447	68	92	25	893915	893939	000a018c24d9dfd5428431d52a90087ca660ea3e919a6e72b80d8691bf6b3f99
26	0	3336	66	90	25	670602	670626	000a09b1cd022cb62d81f0f9fb2123fc466d45b0bb9fd1f2d3c04a76ed1bea70
27	0	2004	161	185	25	402965	402989	000abcc7389c2319eabcaac765334c5fc22a10e58011a72e83e8a42f333c956f
28	0	3617	20	44	25	727037	727061	000abe2df4f9f15363919e831c1108dfeb194b7b154ea47a8baf9e41820f96f0
29	0	8494	83	107	25	1707377	1707401	000acc5001acc19626a123f2eb842b52068b5776a65bc04b82b5d0de887957ea
30	0	9392	53	77	25	1887845	1887869	000b3508168fad0c146e2729603c05fa595f505dabb3d2c598982005681cf9bf
31	0	6048	17	41	25	1215665	1215689	000b61cf2b8d3dc5cf00af2ade6c0d68ca1dc5e2de2f3f1da5c7452cdfb9e893
32	0	5794	125	149	25	1164719	1164743	000bb70a25fb62b52213986ae62735135d4d464385bd31025c2a26a505cbaedd
33	0	3112	171	195	25	625683	625707	000c800d6c21903e91f8406fbbbad1d9acf6458741a8621fafaac2419fd61dad
34	0	7096	15	39	25	1426311	1426335	000c9b11333c4814647da7d036cfcf20d66a78771e0891ba0a13231cf250efdc
35	0	6749	26	50	25	1356575	1356599	000cfba6f148fe8157ea043a2e48331d21648e330d2569c521932b3d67347c09
36	0	8025	39	63	25	1613064	1613088	000d495b5bad855bf89813f45b643fd61d3e29f8b5ddd9f5726b30f743157c25
37	0	27	68	92	25	5495	5519	000d5c90aeb8c888b53043a992307f19cf9fece2537e6f60664a988266dc6ae5
38	0	9094	103	127	25	1827997	1828021	000d9483b96e56311313535d1fa6e29d37ce581d8d0fc7878951be1d09aa6a5f
39	0	8164	135	159	25	1641099	1641123	000e210ba67305b36ba6c2a404e1208a72d12039cbae37c43fcb143db1012d2a
40	0	6896	146	170	25	1386242	1386266	000e48f5030b9742a7d495fc3ddd9c5136a2841727e5eed9ae4021172d3d334f
41	0	6209	71	95	25	1248080	1248104	000e5db980d66fac1fdae9549834037ba827db3c9d75f26f885074c20bd65c54
42	0	1198	129	153	25	240927	240951	000e8ac7e50968e448530dfdd91feff595d8e616c733dd20ff7dfbf923d2ba89
43	0	3883	42	66	25	780525	780549	000ef32c7f566750cccd55eb683e300218d89202ba44587faa6f23bedcf472b3
44	0	766	73	97	25	154039	154063	000f332c7d1f7dbed23972cb1642dac90138417c30a63d90805ca85da24d32bc
45	0	1251	172	196	25	251623	251647	000f5abfa6873474253a94d097b0f600c66580300db4162c0f28268bcff0ed83
46	0	6200	25	49	25	1246225	1246249	00103af90719ccbc5da80b70376b8fd3e3fb995ac8b454d6b9ac392166779add
47	0	6575	169	193	25	1321744	1321768	0011ce0f8704b73441733bd850d7764c6ab97bff108b05913f0367d5a8ed1f1d
48	0	3949	35	59	25	793784	793808	001223899c3b86322001416502e2a5ce8a245ad57998ffe3f070a9796d802ab4
49	0	3958	2	26	25	795560	795584	001230b704c9a4ffecac4aedbef3e834912711af8bc1571d0e1ce8df16c4750e
50	1	6660	18	42	25	1338678	1338702	00128279f34904e989e67cb65eee95d4653c827a73d25f3d6cf5ac5eb574e75a
51	1	4019	116	140	25	807935	807959	0012c8b41c57865273325e18ae4b5f91d069ddb05ecc8b14c81bc501ac0e8574
52	1	5068	24	48	25	1018692	1018716	001333978e18bfaaf69dd2f7ecd484cf891a2bdc17e313351aa954235edc336f
53	1	9865	37	61	25	1982902	1982926	0013fbd7647acfa7b2035dfe1f6b70cc7ab1917abd4ffd302b44d4e0c26fe44c
54	1	9639	20	44	25	1937459	1937483	0014934110e797c765122df0bfa5711d84b53285103e189e9cef3eda440f69c6
55	1	1598	33	57	25	321231	321255	0014df337099cfa7a934c9870f11359c0bd5d701ab2e193ab4c5365d96befc28
56	1	2088	48	72	25	419736	419760	00157756160adf4ab3879db5570a590a2b0a0a80dac5bf676c68b9022a2120d5
57	1	8068	37	61	25	1621705	1621729	001578acde90286ae3d813ba73d2b8caa64f0677a59f13aaea09e1ba1c34c46d
58	1	804	149	173	25	161753	161777	0015aed934d674abf8f3c326100c6972695de0f5c53102593124129a1ebb15ea
59	1	150	83	107	25	30233	30257	0016ab064cf0a3c8efa796660dc617195ea1872c63ede15ea3f813b5824a33e7
60	1	1254	1	25	25	252055	252079	0016c95cf0e5c646fcf32d108d91877dfb706e700e143c9160102174a80781dd
61	1	8513	158	182	25	1711271	1711295	001796bfbfea7defa2bd137b861fae7863a2311496ec5b566ca5cdd7a3d623e5
62	1	763	87	111	25	153450	153474	0017e0e57e15787c5fddac82a7e04fdd7ba35343811b869e2af88b57694cc3b3
63	1	5769	63	87	25	1159632	1159656	0017f4eac9cbc250256f2111605e88d55dd5f53c8283a87a5e0553acd4cb6d61
64	1	2546	112	136	25	511858	511882	00181890580a6b70a518245f285e964bb0391d5a3730417f56022d5a61657485
65	1	6943	15	39	25	1395558	1395582	0018987d526552dda13342d99e9ca0d1221eee579b4d3f7d074900109ee3145d
66	1	6043	123	147	25	1214766	1214790	0018c0f7024e7e0e4c03ae8a74e7db32456027c83c553d619d28a79ced8682bc
67	1	3089	14	38	25	620903	620927	0018effe0213f2b602528f196115c5bc05e897ac64aab8687a7883c99eda172d
68	1	8911	25	49	25	1791136	1791160	0019b6b0f9eb2f563c54ea97ff9397a1b4a47144bfe32e88ea7896ea5bf9fb9f
69	1	2929	135	159	25	588864	588888	001a0ad7d1eedd55774f5af64f315728a0b779014eebbac0dc9d0137a7af70b0
70	1	639	123	147	25	128562	128586	001a1be04f8faa64eff871f1c0c735f1a8faeeb366e8caf69a5cd191b4f2d292
71	1	4900	94	118	25	984994	985018	001a6a7c3e9cd2a7a7bbad6d6adf51ea801cb8ba75e724b5881ab5438d087980
72	1	8352	140	164	25	1678892	1678916	001ae2f16a7f29cdfa4c0616c4baf4784011839bc45802d0d5783d766271c920
73	1	1548	162	186	25	311310	311334	001b70ec1a0392671639663438aeccbe65f473d00ff7829a0c6ccdd5c3925456
74	1	8309	51	75	25	1670160	1670184	001b8aa948affa2034d6ec2071e0c7619078a59e0edc10a95372d730e2a18813
75	1	115	56	80	25	23171	23195	001badbb326bc25d45fdefc5a9f9ed0e1897a7d38002380750837e1f5e466f97
76	1	335	91	115	25	67426	67450	001be1cb99185ca5bb678bdd8bc5f09d4b933143ce1e144fb17aff2558a9d98a
77	1	6908	99	123	25	1388607	1388631	001befc7110daaa86b987cb908bd96ba7f6d24ba3dfb8c793f532e5b25abe1bc
78	1	8784	115	139	25	1765699	1765723	001c05e8f142c3fcfc913bfced5867ce6891f8eda1944afb4fa922d59d533658
79	1	65	113	137	25	13178	13202	001cb08f126d1baf8ecdc67b0978818ecc6895e38e79321007dd4598fbcbba3d
80	1	4827	28	52	25	970255	970279	001d51b8e71a845e8ece97f0e09637fe199b33d2e2dd8be58b8a626686d36e2e
81	1	8747	11	35	25	1758158	1758182	001dd82991a75825e0d2d7eb5c5b7212d6a3de77c892291c43a3040e5aa959aa
82	1	7495	5	29	25	1506500	1506524	001e44c134da16918f5bd31433774f6cc75a43b45c34b29dec0c5c5ab41ba31f
83	1	2119	44	68	25	425963	425987	001e4f64b06010d7cc0a9698a162c37861c82eb6284a52b60131c63ecd0983f3
84	1	5640	30	54	25	1133670	1133694	001e90a9e8895ec743b2b0dbe635e1a48fa65530a01f1db6b865ca3d009a5f94
85	1	6121	18	42	25	1230339	1230363	001f5e73911a66b877b57939db63b416436a16ecf1831548b2ccf2a19c576bf6
86	1	7105	36	60	25	1428141	1428165	0020368cd33c8a89d14665b23fda8b615e51e7b3edb12b7c69abd3bb6c112191
87	1	6061	69	93	25	1218330	1218354	00206bde2e14caf4440274c024e548dfaaef580a167bb3d4a6fde3e6b4aa0b31
88	1	820	155	179	25	164975	164999	0020bac895ecb9adf644713807074148339a2d75d9d38a011df8555b7696eff2
89	1	6873	58	82	25	1381531	1381555	0021afa786900db07636298394558507dbd889a35f0b8ecefa6dfe45ec46da98
90	1	3441	162	186	25	691803	691827	0021ece4d9a176ddb9051dbe88490235c65bd3d8bdd721219eb4c3cc26e29a1e
91	1	9629	129	153	25	1935558	1935582	00220af0fff0b3edd0adced28aa5fe2e679cdccc5d7dc9f13c2a4032da183a00
92	1	2440	53	77	25	490493	490517	00226bb4f7494caa385aed59c021211f96b7c07ad1ec6695d92f8e0896295123
93	1	9590	91	115	25	1927681	1927705	0022ed58483ff6476042d1626f09eb31932dc03e37930923c1769045e199fc1c
94	1	3767	57	81	25	757224	757248	0023720da7bcf643c78a85cfaa70d3742d11c49f31478d2673c6107c041d9e4b
95	1	8869	82	106	25	1782751	1782775	0023a94221ebff96ce9e54eab733339aae104f65c1f2e94d9698e09dd0faee72
96	1	1176	167	191	25	236543	236567	0023aed343838f30b3023a6567b5c426a9eba04ca4c0b0cd049f641e94b7c9f5
97	1	9276	132	156	25	1864608	1864632	00242995ee6dfddc58678afef7c7e0e9f46942e217ada64f1dace278b9f79111
98	1	5151	22	46	25	1035373	1035397	00254c31ba4ea6ca0a33927a5601a81adf67a7192c55541419c6899acd4e67f4
99	1	7718	67	91	25	1551385	1551409	00257b86e197e4205f3ec7ee42840c68932490669c7848b3689c542a7c413812
100	2	3297	128	152	25	662825	662849	0026363cf2e590a1b31cdd173c89c324f317af461015b3156c4a2ccbe511fc65
101	2	7152	21	45	25	1437573	1437597	00270d7f9cc2b7ad50f577e6236038cb0563017d0a03738434c865afa0f456e9
102	2	5517	47	71	25	1108964	1108988	0027baa1fae0c2ecdb63f04a2fa5853b47099539a50635cbb064e854541d7f95
103	2	6769	171	195	25	1360740	1360764	0028d231f8aa70368ecb58bfbc46d80f230122b184a20bc64b1294e8fcc6b9c0
104	2	2285	60	84	25	459345	459369	00290dd1fa00db9fbfae446101fcd4b17a90aef45aa3869cd7dc146eba3e7b35
105	2	9425	59	83	25	1894484	1894508	00296e9a97c6791ac321b0f38c4c72ddf2c5f551fedbac4a61258a6409ebfcac
106	2	3530	156	180	25	709686	709710	002986ee7906a73836e9075b54bdfcc026676a7b2646e381dd31425b5d29857c
107	2	1407	32	56	25	282839	282863	0029b4eecac44eae9519195bfd69a7e2a4610414a6ac831883110fec0c74895c
108	2	4968	27	51	25	998595	998619	0029ed2158119161a04c3b1cc62baf9e1aacff58a1a8a349da66efe721a87411
109	2	3976	41	65	25	799217	799241	002a37d9c979d2a62d99f1ec4a843286303a189395e6a2509188a1ffd2f33e20
110	2	5823	173	197	25	1170596	1170620	002a776886022b05e7ae2d8c1207f6b5ca4dda83ec9bdc5677414ad3c59a6eeb
111	2	4729	78	102	25	950607	950631	002aa2382dcb938f30aa929854ab86545d69a0937d52e34b2658a275215feb11
112	2	1866	22	46	25	375088	375112	002ac282ce0d7d33eed45246dbb4d0b1ea596d744cab77ce97f0c59879dac4c8
113	2	5005	85	109	25	1006090	1006114	002b666f5a497ceec202682a80da78b3b028350e59bdea28ce70e8774484fba0
114	2	2898	9	33	25	582507	582531	002cbac299e17b4fe80108040d1999468b237ce50916408f50bd641bf330818a
115	2	5045	94	118	25	1014139	1014163	002cd7127c1aff49bc72ecda69cd32b7f58ac682c2f956c4a184e9f4c7f30a14
116	2	8109	154	178	25	1630063	1630087	002dca7cb2a769c2860a30704473f2f2a0e2daaecf879a6c407dd0db651f7c87
117	2	9770	28	52	25	1963798	1963822	002f3278bcd4cb825406a6fd9a5eb6eb2f4da04035c3232a8d206196e73d10ff
118	2	7156	27	51	25	1438383	1438407	002f909cad51c9c791a200d99e024f039090cfc81ae9a411681da2193c8f1eb9
119	2	7267	15	39	25	1460682	1460706	003022ceaf5bb0bc6d133d60434c80302feb1e6cf6b26488a91ad6203a6038d3
120	2	5416	36	60	25	1088652	1088676	0030301840fc8023d8c5a9f0e5458670baec853867c7fdb73fcaf453ec4d5209
121	2	1927	109	133	25	387436	387460	0031a683bedcf8137dfea82eeb26d21d3a32a8e360700a67d3e60ac093b24836
122	2	9651	7	31	25	1939858	1939882	0031af4d2bc1897b2302d61053e5dac291943f83be90736e100ae2a5a7f56c6f
123	2	5229	77	101	25	1051106	1051130	0033102b2e271f5142a4b9523fe83ee0d2fac796256d345cb1cb3c3adda261ed
124	2	553	20	44	25	111173	111197	0033371a18763a36d34d025000f015477a38f5195fbff1e8e3110d60227851d7
125	2	7694	171	195	25	1546665	1546689	0034315eb77d6acf3f239a8b7b2ec72d7d71b755cc91d429a75afd61f5dac35b
126	2	4812	97	121	25	967309	967333	0034bdf92c6eb4333eab2fadc4c2d517f8037249f071dafe9029b53008a0c3d7
127	2	7205	131	155	25	1448336	1448360	0034eb472c1cebe084b1ae69e1ba05a0f045066b8132689dad2762af932feeac
128	2	3954	110	134	25	794864	794888	0034f5a0121ecec98d70f571de09969fbb213445445413a11b48b5ae5779451e
129	2	2889	169	193	25	580858	580882	00351d9d2d450eede2f89e89de1613530f2161642b698dd500e53b314866126f
130	2	9389	51	75	25	1887240	1887264	0035cca494547d3c280bcb11e744605658db4d73253b52051e31e5fd1730f18b
131	2	103	116	140	25	20819	20843	0035e8bdcad2993da311680d66f3012dbdf25f2a9f074b1fe1f453a14213b55a
132	2	5480	162	186	25	1101642	1101666	00363567a2c045f5ae2fbc3c2e1ea95e67091058a5d642ced267aa5bf8c45f43
133	2	3319	122	146	25	667241	667265	0036e0db921858986a7125b188b2676d5cf6e765f6d47f23f413c89b210702af
134	2	1942	68	92	25	390410	390434	003705d2a799b5421f6c8a6f005f506014bc6d5295072320f9c8a26356c5e730
135	2	3597	167	191	25	723164	723188	0037440d3e0e3ad440a88db24fdcf07b7967b88224bf5aa9b73374954edd61b1
136	2	6168	10	34	25	1239778	1239802	0037828162625336a9a9b2ae9a01db534269a6cb0586f748d5bdb071bfb16c15
137	2	1018	143	167	25	204761	204785	00378457021e7164a77951249c9876b324708a746caafde85210fb406ad4d323
138	2	1952	34	58	25	392386	392410	00381a95fa683cd847c5fc51f09057f5f2172585e20f6e37a3346848f82b2270
139	2	9903	81	105	25	1990584	1990608	0038286d6911ceb75fc494d6f1e25ab98efaa78cb8b0297bc3ed8a4f02c03572
140	2	1522	93	117	25	306015	306039	00385fd089310db3dc9d909cf18487dfb52026bd1eeba84b910fd51f54f13d6d
141	2	3140	72	96	25	631212	631236	003869f2a000ea82cfdc5287890d757ddca5e68e198b6ff7cd2c4e27879f6ba8
142	2	305	139	163	25	61444	61468	00398ecf50c1a7263c2df64a16b5a5ba2f1c50032be5a523837e2e97a905ecca
143	2	1146	150	174	25	230496	230520	003a30ae964ee57656ed333a911245378555750a7e823ed2db0e26473cc7676f
144	2	3220	78	102	25	647298	647322	003ae46b807959305ac59499795b11cd1346b5369e078e24193079315b78813f
145	2	3233	143	167	25	649976	650000	003b319b2b04f54fc99e3df1752b888b625c961ec371dfeb6776ede948e05d75
146	2	2742	0	24	25	551142	551166	003b5d724e874db43cdbc63aa93d314349b57ff447e705e3aaa5ceb38a22f16a
147	2	5173	23	47	25	1039796	1039820	003be67f36661a1363583dee7f6b792e04ade1da76aa0fb1b4a2c32ce77ae6e7
148	2	6368	54	78	25	1280022	1280046	003c6e1cce564a6185cc4d43f601f05d2e5eb1906de8ae8f0af1d1cad2e96109
149	2	109	47	71	25	21956	21980	003ca339201f7fb5597462b903ff331df900387b405a951d10e3e9726e0a7d91
150	3	8715	119	143	25	1751834	1751858	003cc011f0fe97264981caa677241d4ca199b259de1a177f1a696f54b5706f95
151	3	2882	161	185	25	579443	579467	003ce56e5d4d1e461a07acb8f766b5ae88b26bf7323a35683ddeebff10de21e3
152	3	4802	51	75	25	965253	965277	003cf282ebd2324132a95c08a3cb37f5d2ac8c427c5176d278976a6a655bd2d2
153	3	2821	26	50	25	567047	567071	003d70ab7df3ef5329fb45ac74536ce6564498fb06b18a1b1e7f6c6b8794e220
154	3	3147	59	83	25	632606	632630	003e2bcc7620e7dd36fe74d400a6cf08e4236e7fbdb937a8820a8500a7f9055b
155	3	8391	129	153	25	1686720	1686744	003ed5f60bb3339d5a6fd762a9eff980712199f9d7347c6baa6ee119cc5761a6
156	3	6456	84	108	25	1297740	1297764	003f517a63294363eafb0ddee490e4f1d69c062ffd7153f6438549b2d965cc49
157	3	3334	14	38	25	670148	670172	003f83c5f0db3ea586c25288393f6a867a0bbc48e824d9dd0cd157b812c65e80
158	3	4725	175	199	25	949900	949924	003fc263383335e0136b4c2ed7cf0a3845c53b4d4e3b8b0a1d4c81fa85d5b266
159	3	8810	18	42	25	1770828	1770852	0040a2841fc1ee8448375f9e63c892509f6154ff18a311b3918c2bdea6a6a63a
160	3	9596	147	171	25	1928943	1928967	0041272ed6e9e7b7700ca54cd9df052d5f46140e433f04edcbca8d2abcd4b234
161	3	2460	101	125	25	494561	494585	00417ee6fa5dafdea9d8caed9b2c4dde4b5a4cc5b0ed0e12c06c86ee368ccd66
162	3	8419	86	110	25	1692305	1692329	00418546ec4323d30997559412947346f1ff7d6d69f0472d292793b36ef22a36
163	3	5991	26	50	25	1204217	1204241	00434dcc6da4080f9898f4294d06fa9ed9f9ce6eac5a3c7a1d2df99503ad0533
164	3	2989	18	42	25	600807	600831	00436cb0d0f6a1930173f7b9991cde2b907f6e9d19b6b4907ef6400451ddd89f
165	3	834	92	116	25	167726	167750	0043aff231a85c02131043e0891f672e233f397cfdbd48782fd71cc6ed2a316f
166	3	6912	122	146	25	1389434	1389458	004401b6b5de70fc271996a922738a49d93500cb2ded88dd0d0464cbe3ffa0a3
167	3	2405	103	127	25	483508	483532	0044fd482e88f401c1da0271f9dd3e31d3befcf99d5924f11214fd00011ad0ad
168	3	8038	79	103	25	1615717	1615741	00455b3dd20bea5ebb3e11ae2521f95b311e2cc3b2963905c04af5dc57bd699c
169	3	101	89	113	25	20390	20414	0045a029d2abdc0115dc18e52ed0b7656cd12a3904236aeb56b99dfaf4b6a059
170	3	630	91	115	25	126721	126745	0045ed122c8397589c106629e0a43aeb4ab18695d8e045e91c06212f3f31c1ff
171	3	108	46	70	25	21754	21778	0046437f3bbb86bb628d39d03311e269c50e6d1c0fe9f9853572f148b46ec1d0
172	3	6011	87	111	25	1208298	1208322	00466ba9b017efb12eee0f7a982c363dbfbf9c04842385b0cbd1fef0590b3ed9
173	3	3688	139	163	25	741427	741451	0046e33c7e53bba5731ea98fc58e73bd92d3c63021d08ced881c4a392b92da1b
174	3	6902	113	137	25	1387415	1387439	0046e55d5f83c7d574ab2184dde99a2a0b1517af12d2566d024e644f2f67bf95
175	3	8097	128	152	25	1627625	1627649	0046e7a021eab16f6efc825c2a175e660019d0beabd913dd3f56d7c2c311950f
176	3	7325	59	83	25	1472384	1472408	0048ab32ab67196be9ba64398b7ba9ae2948e57f7a0782011de06c7ef11ca7af
177	3	7061	77	101	25	1419338	1419362	0048d794624f474c26ce65e897336d98e6fb93e035f8e5293c09989f10f4d204
178	3	5260	80	104	25	1057340	1057364	0049af0e1c0b219e892f886b73d870715f6e3e7075cd3d16527ef792c7a2bc6a
179	3	4906	39	63	25	986145	986169	004a15f1ffc16061c67dbeafaa068320002439b6fb66a6863eca5b5bb1e82d61
180	3	9115	135	159	25	1832250	1832274	004a832fb1d92fddc1b669ebb7f71d956551af45727dbd0182f2a0d0c326cb42
181	3	5559	7	31	25	1117366	1117390	004a84b18388a3336454c33c8f45371fcd122fe98f3ed52d22547eb2cf4dd2cb
182	3	8760	124	148	25	1760884	1760908	004b7b878902e97299f4bac5d065c076afc9d3d3c37d5cc84e578ddb6a3ad176
183	3	5727	78	102	25	1151205	1151229	004d77a319d6fe74d5c3247b8304f77d7f73c5d8e247f0c979e2022e6ac59ef9
184	3	4871	168	192	25	979239	979263	004d89a2dd937e76ba0535c1758431f882584e197849dc4127b2a52fe9666788
185	3	3395	25	49	25	682420	682444	004df9226a3fd1e2b50e2d98bceaaf230bca83516c4527ec5286ece57c94f810
186	3	9135	141	165	25	1836276	1836300	004e4670009728926f6dbf9e8e6ddbf762e8de21597275ea36813d09406d412d
187	3	6588	146	170	25	1324334	1324358	004e4748682b68718ec781d79756cef9c1b11a483106a7195ab5e81aad0a2b68
188	3	4999	149	173	25	1004948	1004972	004e561f755fd7adffae78cd11e04bcd515fae9f24a2209e49675a8672bad2e9
189	3	8759	120	144	25	1760679	1760703	004e7a5aaffadced256b9a7d04e7c844baa3568bef4594b43f89c61cb10104af
190	3	8615	108	132	25	1731723	1731747	004e94bf6924e23ef7d670d41514dd072ac1e2acaf7f41f4198118d9c1287825
191	3	3739	92	116	25	751631	751655	004ebee339d56e10acc21eaa2640f7a67aea754245549f1dbf2a9d4ac20a814f
192	3	1578	131	155	25	317309	317333	004f0f5b22a09041b0ade3a9a233439b01c4cf3142412d01e3d2026df8d01d93
193	3	3314	103	127	25	666217	666241	004faa67811491167995a3d700674ebf8939cc3aee0ae711449d146151d6e0b2
194	3	7469	102	126	25	1501371	1501395	00501333859a26ebb184179afce93eb10d84350879f59e8ff97f48dc3b5636f5
195	3	4298	103	127	25	864001	864025	0050ec0459cb9e439ef2f6ae8f7efefae1d9ecae155d0849ca26e779dcadde89
196	3	620	37	61	25	124657	124681	0052445bf599384551192bef26ee27c3d7686daf3a9198c8b1ac0ff2666b135e
197	3	1323	42	66	25	265965	265989	00524e09359d284c81d78a67b25aae883a195837fc028bbda6031a099d483d29
198	3	3957	48	72	25	795405	795429	0052c73deef3d732fafd8063fe53f8221ee4411e732388190b96e0807be7ab1a
199	3	9932	19	43	25	1996351	1996375	0052cdbf794a75588023c715322db64de5044dad28b7117dd2843629d4c984db
200	4	753	19	43	25	151372	151396	0052f579fd97b2f331e23f32b939d1ca7ed1b45b228832928861cbb4c5da10eb
201	4	4855	154	178	25	976009	976033	00535a2b5938a266e100da716a0874c968e31c77c2b9741947942639fad4885a
202	4	3804	117	141	25	764721	764745	0053e2ab408546dbb4ce408be47ebd66ca3fc91e8a600d9cbe76610d03c938e9
203	4	3208	56	80	25	644864	644888	0053e9b0fa89241248d5fa7649146d29f402a628f98c74f865d903a0c2fb2d76
204	4	1914	10	34	25	384724	384748	0054533bc9e2a334f7ff0c1a4e01e6904e26aa465ccec4642680d9690ef94943
205	4	6754	38	62	25	1357592	1357616	005476a7eb473872d98c450a5c6a5f123f186cd9443cef1512fb63770fd1d39d
206	4	8518	34	58	25	1712152	1712176	0054b3dd9268569b442e302fdd6807f3b9151b4ad64dea9d7b22bd6ab4dcdd1a
207	4	15	157	181	25	3172	3196	0054b609f994d47fe32c0f8830a1d6f5617c9cda73a26e8bc1d52090752614b6
208	4	2169	63	87	25	436032	436056	0054bea7315b07f680d281411a6d59416c375578a6bad070616199d2dc76686c
209	4	8792	28	52	25	1767220	1767244	0054d32e77492e486a7e6393cf65b36d7ef07a66168f9e45248b3ee6912c0f3a
210	4	2614	17	41	25	525431	525455	0054e1077e9c9a9bf8b450024a15e0a074472121c3466400979d0a56b766d61c
211	4	5135	98	122	25	1032233	1032257	0055a9bc7711df4a1227b143245e89a08eeb0b80a83ef776076db9fd2e417e10
212	4	9265	78	102	25	1862343	1862367	0056e875298e9c6bec034d65002d7ca08ac2623d4b87b044a7a83f1f1c9b1758
213	4	317	54	78	25	63771	63795	0056ee3d9dda680e325f92757c4f916fdb4c75df8da56871ef274641bb48d496
214	4	1074	159	183	25	216033	216057	005710902d96d044df6843d3035fc62891b45664e595dc66bcf442c5b5de8399
215	4	2568	96	120	25	516264	516288	005774cdf45155982114429f061bb4a165546959f15c44590dd7f17026c2cfb0
216	4	9555	5	29	25	1920560	1920584	00578ee40056907973f765af76b9babf54dbca51a80a378fb3c7e1baf68b98dc
217	4	2021	29	53	25	406250	406274	005790208fc20178dd4eb2af65d2337dd45a85c9e4db74f2a237a65987bb2324
218	4	324	156	180	25	65280	65304	00581b80cf7ca82a10150d112cf79d33269350f0a57a85ffba7adde16954f0b4
219	4	3452	94	118	25	693946	693970	00587beada1de525f4cd86a650952159d3c1dcfc19e42f325b420801519cc919
220	4	1491	74	98	25	299765	299789	005889713c39c21bc88bd24095b916771a4e95d988739bb0cde7525ced2442b0
221	4	8808	118	142	25	1770526	1770550	0059ad352aa726fb34e1a7a9b35a1e902df1b0371700f1c3329195a926c334d1
222	4	4083	19	43	25	820702	820726	0059eac832267eb064b0aefd83aa671a12e6f01459bd6f922eb23152e17c213a
223	4	1211	55	79	25	243466	243490	005a36745a0053ac8153bbb9cbfae58943e426d2ef70294e7adcc2e2c278ca7d
224	4	6889	124	148	25	1384813	1384837	005b5a2224f849e8fdb39e6f339bf852c5463984a7ed399a9d9b2104a2df78a6
225	4	9482	125	149	25	1906007	1906031	005bb49ac61abee763a57cd192e08f0d36497e308b76a86f1177058885e0cc03
226	4	8185	112	136	25	1645297	1645321	005be861cb4d9b6b7a8e46a07ba71f4833ecfab514ef59730a35468c86d06c76
227	4	4393	6	30	25	882999	883023	005cc7c3549fab62d80d4295a5f92eaa0ec0058bff0c97cb8d2fbb94298d96cd
228	4	938	32	56	25	188570	188594	005cddf54059d474365bbdd4919a0b30ed5b1b60adf0dc6ff9af09c5a0a8fde0
229	4	5046	9	33	25	1014255	1014279	005d5705e06437078d9fbdc4b25d643ab1b49197f034f4d78d4ef4be38314a51
230	4	2447	84	108	25	491931	491955	005e1f6146a20646bef470318186d50ae5b025af29d9d4da210955fee96c7621
231	4	8779	10	34	25	1764589	1764613	005eac7ac1d38a2125b26676bd7f4b4586f60c1f25db97eb752bf068b45a3d8c
232	4	7474	98	122	25	1502372	1502396	005f21e9e338c03c558afbb30556547179834d774e9e39fa3cdddaf31cb431dd
233	4	1412	96	120	25	283908	283932	005fea2b5d0f36a8ffc348d1903a97e29b22f37496e979f3d7ec540f83e45009
234	4	5373	42	66	25	1080015	1080039	005fedcc826256e8bec3865cb4411699db0862d84a607083234135e13fada062
235	4	9909	92	116	25	1991801	1991825	00612dc72aec78a39850453ff86ddce19caac09476abadde8d29cd9af9d0fbdc
236	4	4499	131	155	25	904430	904454	00617c514084c8ca8c7f51dd58091ad08c3f3fad2b6e26734495eafaf087c19e
237	4	1568	4	28	25	315172	315196	0061ea42d8ca6d82e220d488475b3eb9339af85c08c98a6ac832ef2e228271dd
238	4	8343	107	131	25	1677050	1677074	00628f74ff64c154cfd2433c1de7530f3516bbebf837fe719e0b38fe1c72e22f
239	4	791	155	179	25	159146	159170	006415b846b1ce330927da5ff480d14de16bd32a4fb984d878e3960c9fe9007e
240	4	6883	18	42	25	1383501	1383525	00644c168a9bf8a98caaf1f515411635450cd515943e90f53012532cddcc6b52
241	4	5347	29	53	25	1074776	1074800	0064a428dcd9e808a174449b5d8f6f4b0098fb6353e1a9f7ab438ea77005ef08
242	4	328	37	61	25	65965	65989	00651c83a8629e2e2f89cde44d0ec5280d40638d50a7871329fdc5dcf11249be
243	4	1573	172	196	25	316345	316369	006544c16c1c18c488e2fbce397b0eefd83585623c9e41486962e86568386901
244	4	1362	130	154	25	273892	273916	0065a69d7bfa99c4fc77db326ac45f820c61dce72707fbc1094a43854dd59ff6
245	4	8	127	151	25	1735	1759	0065e3c15476d377a85bfe51a1f9c4eceef9fcd07481f568a4dd48246ad1566c
246	4	1232	48	72	25	247680	247704	0066f23a4cd26ce2fe91b7f42ad2eecaabb2665038d75642c2ee78b36495779d
247	4	1193	72	96	25	239865	239889	00673639664b2ec1140dbab80ae02b336c182e644c72604051dc44d94ccda8d7
248	4	8965	109	133	25	1802074	1802098	00689635642f63a300afba615cceeea35b4e3f90f832673d6169baa1d05dcb36
249	4	645	126	150	25	129771	129795	00689ff9f56bedc2aa2c1481363b567d59870fff7e4aa310d440dddbd3e03dbb
250	5	1594	172	196	25	320566	320590	00694947f6c938ad4968e5cc01f100646bc3bd622f4f62e97333a882776b1d02
251	5	9897	73	97	25	1989370	1989394	006b017f55131e76c956ce90c1ee6f1b41914e08455bb05b50c787abfdebc4fb
252	5	2777	79	103	25	558256	558280	006b63c31a2332a5e9ecd6487ececd854774f771ff05444fe8826378e776fea1
253	5	9017	37	61	25	1812454	1812478	006c0a38ef4fa5b7d70ceff12d5bb3fcc841ad2843e774b233f5d88d7e2f7b8d
254	5	2961	153	177	25	595314	595338	006cf6e91ce5901b0c15888be6f6bbc1c05179172557eb6574235050ccc8ec2a
255	5	5301	44	68	25	1065545	1065569	006d0cd221b7d7ae736e16a7be5c256471a636dc9458c43572e97e1fd2292e78
256	5	6220	143	167	25	1250363	1250387	006da8657da0550c8acd1aac35a51e825f1f481f9e7b9979c30496e629729f4f
257	5	9988	165	189	25	2007753	2007777	006dddf43d266f5f6a9ec5866e82b70a22ff39bdf98384c2aca27cba1aaa3380
258	5	9246	52	76	25	1858498	1858522	006e07605fc3d13a14d0b4e844a888278866e1dedd15c4da97ba9cbb58f5f130
259	5	5370	28	52	25	1079398	1079422	0070190b800eab2b7fa08d80731372ae588d7a722ded1ac2aec58977d722d547
260	5	8841	90	114	25	1777131	1777155	0070413c461939ef8a74a2d3c5c4e4924b416ef3afcf9978931ab689065c7983
261	5	6017	92	116	25	1209509	1209533	00709c8f6c89a4f7f8ced34ab30824abdb7a427a8babc72d22d2ba5665cd3e8b
262	5	7229	160	184	25	1453189	1453213	0070b7dfbe52ebac22be9ee405c1abd463bef7bc78c122cba24ec5852e943644
263	5	942	6	30	25	189348	189372	0070ed0d39f6c77885235f949c258620cbe7e5cae277e979ea1f987cb64631ac
264	5	6950	67	91	25	1397017	1397041	00710ca99830b92a29ee5fa7dd709e842bb083239a1e6189504155a92ff26d7d
265	5	8143	84	108	25	1636827	1636851	00711d27a4bde646aac548969f267943677dbd80b4f912c6a446bfe4ac3fe674
266	5	6605	22	46	25	1327627	1327651	007152fd1a86c2a5a4705883da31faf7f24f7854dc731ab8afb65e71dcb7d774
267	5	1920	91	115	25	386011	386035	0072eba03a12445892241fe906bec5f5451bda242cf3b5b620d6378f34daff96
268	5	3473	162	186	25	698235	698259	0073068c3357a7aac3635482fe65941c33706affe82ca3c18afffc22c6e03332
269	5	7850	44	68	25	1577894	1577918	00730c580dd8f51493dd721981a6d5abf005fd07b6cddcddbdb19565104527fd
270	5	5520	67	91	25	1109587	1109611	0073fe09b6e638d766cb48ff88d78646267ef599f2fdb504dd6054fb73e443a5
271	5	6022	18	42	25	1210440	1210464	0074914166e1ee384ddda249fc6243749eced7cd7af2eee022c5c45e35b1ea05
272	5	1006	155	179	25	202361	202385	0074cd17cb48f899c4e816208ce4c864de7fbe76813796ca774cea8bd18d6f4a
273	5	5747	137	161	25	1155284	1155308	007677b1231be05f3172b9cfec0c455f0128ef5b4a25e5a66290c04d2cee443f
274	5	1221	124	148	25	245545	245569	00767f86fc8fedb32150750cbb2a1f11ca6b3bafbe7e6e4df762878a02b9013e
275	5	3551	86	110	25	713837	713861	0076af8c806e6e235c254863055b45b5114b6a38ae60ead5739d511e9d205568
276	5	2267	118	142	25	455785	455809	0076d8e391da458eaf1f59abe70a1bfa465d6bc8651270655f5e37a94afd4a9f
277	5	4722	54	78	25	949176	949200	00770651e5bb8683339888810b398342e938c3ae9c950d5272100d81a566971d
278	5	8465	105	129	25	1701570	1701594	0077387801fb033b2f32fa33c6ec5bc1da65ae49f54cb18f49cf67b0d73d5880
279	5	5064	138	162	25	1018002	1018026	0077b6deef2fed6843100394221230f801011e683562d155df93d8d1057026b0
280	5	4683	150	174	25	941433	941457	00799dd96a07458582d2ead59c174db77d4ac8346c65286c3b971ad06785c2bc
281	5	4991	159	183	25	1003350	1003374	007a440fa31e5ba4ecd6187a0b359dcaa221d554d8213cc776b7cb9b400a7162
282	5	4319	13	37	25	868132	868156	007c57b50b219a70391048c1e27bd906cf2bef946745660622c2675cf1a0a478
283	5	6804	69	93	25	1367673	1367697	007c6a72b6c41d9bbcfdd4ca61b64d11eb56fe0e6df69c81f0683764bb521c38
284	5	6252	139	163	25	1256791	1256815	007cd7a6abaf626c5205bb8a5e70ee6a7e59700e21ca79f1e3cff9ebe2833982
285	5	225	132	156	25	45357	45381	007d0fe8350854e0e86d192509e1bc7480d4f4ba3485e43e751ba74e4476008d
286	5	4239	71	95	25	852110	852134	007d434fc87de6b3866fd6b1359ef4bae18962a2a09cbf5e9d2ebfbf3e68f62e
287	5	2114	96	120	25	425010	425034	007d6990f9e62115cda47c69edec9a68e450bf6ce000bf761cecd4e850ab5090
288	5	5122	19	43	25	1029541	1029565	007eb1fff057b44546afefc92aa5a7c2d63fe53b0183afc3bfa16caeaf67fd71
289	5	9162	135	159	25	1841697	1841721	007ed32c54759f7fa6f4c778178f80f7f492dbb73c7b31ecbcd4611619c870ab
290	5	3146	130	154	25	632476	632500	007f3c6cd777e7febcd8d6ba3f6510a6317538a7970f75a6c47e665c566339bf
291	5	4194	97	121	25	843091	843115	007ff0a418bbba065d68f1b37bfc2b5544979d16b62906ff745e3fc5dcb7b37c
292	5	8903	151	175	25	1789654	1789678	007ffc661a76ee5e92240827d6393cc9a99771b3099174404bbed25fd4715029
293	5	6657	142	166	25	1338199	1338223	008002106d092365da964fe965ca2d001cd430429a47f1cde52c06b896daaa80
294	5	3488	54	78	25	701142	701166	0080421117601f32d84a13da11b60cab9a06a0bf3517f1ed13c724b8466ca580
295	5	5719	44	68	25	1149563	1149587	008112d9e5ea1d5bb9032960a1c6af2c0ed2428e82e2ac2cf1ec4188449e6a71
296	5	1228	160	184	25	246988	247012	0081c6e04f314f355780a3ffcf0944eceb2a2495878997d4d10c69b5b5662081
297	5	9186	117	141	25	1846503	1846527	0081e87143c952076376d6cb552ea7824c04be5b3f6ade391219056af63f97c6
298	5	981	137	161	25	197318	197342	0082108cacf1fc90825b71e5eefc960bed01ad9767207e4331954c43978645fc
299	5	536	26	50	25	107762	107786	008290c64e5dbfd61b1ebb2aac1da26dce489dac5a6ae71062e837cb425cbd60
300	6	9855	24	48	25	1980879	1980903	0084459141ef3f8a6b0e18a16d72e0e881c5105fbe7641a6a13b5bae1a28bead
301	6	8303	112	136	25	1669015	1669039	0084cd9e41c307856befa5b02b5ca65d58b77ffb4ccbb5423e079986e1f9adf0
302	6	9570	33	57	25	1923603	1923627	00852d01567c31cbce3deea7ba18f30ceef3fd4a4b175bddfb7ed1ca36a59622
303	6	1862	116	140	25	374378	374402	00858d80be78fc0b5318a193561ac6e3f2a275de67ec28f7ff020a62163c9761
304	6	7689	115	139	25	1545604	1545628	0085b4d0ffbbdcae407a56303678a245a68a3741fc5b7932186fa2ae9a043972
305	6	1241	36	60	25	249477	249501	0086eb62aece67a7421ed7c5b30c2e34d4b63711c67ab32e8654dc93de1dd9b7
306	6	6490	119	143	25	1304609	1304633	0087b927a76f06a9e56999374fc4779beacbf892f3407450ac361185fd0586df
307	6	1933	147	171	25	388680	388704	008a7afd7101a31051ad3161c5b1df129b60e833cc14a4b1cdecba52f5309ecb
308	6	5595	127	151	25	1124722	1124746	008b33a01c4e6cb8e0e4dc7df086126b5f62c4bf566b090c205f5dc675874e2a
309	6	879	74	98	25	176753	176777	008c1ce821a056e7f244515de68862111dcbc7d0a21601630ba9359a25491243
310	6	3170	38	62	25	637208	637232	008c4022565cc026625d43b8c21ef3aaf2951ea2d8d677c6d3890fa1e11a7c24
311	6	2287	111	135	25	459798	459822	008c4d9f142d605c80abeb8288cdf6681cebae24024fb89974c1fba1a7f5c64f
312	6	3896	40	64	25	783136	783160	008cf65f146b7d0bdf3f363d96d882e554625c9b607189d8dc9f26293a3e4a44
313	6	3941	98	122	25	792239	792263	008d9150a4366811251763e929346dd64d19bb06ebea7ee2b9670fbefab17766
314	6	2848	145	169	25	572593	572617	008d95bcf0589728eac112b50d12993cea8d72d091762db46ab57190918596e1
315	6	8306	119	143	25	1669625	1669649	008dd5a8f3f13a51df05f374637faf0a967f33941ae3e43c6aac8f8d3856c9e1
316	6	4454	47	71	25	895301	895325	008ece2f430e6af2e401abbad86848f093d990be80c10df2bca4bee382b1ed8a
317	6	4932	50	74	25	991382	991406	008edd3d7158ba122953afcf57d1005d2e8e5a95933ee876bafac4146ebea93b
318	6	6095	40	64	25	1225135	1225159	008f1edf8869d11e394dda29539eba549e40afc916d18fd654e8ee48958e99f5
319	6	7565	0	24	25	1520565	1520589	008f1ef9f9f7b9c6425596d0ec37a157c8f68b569f33d274b4ac29162cec01cc
320	6	5276	15	39	25	1060491	1060515	00918be33142f4a196de1d1e6d64440ff2f42d1186771386208b4bd21f636dfe
321	6	2326	164	188	25	467690	467714	0091d2c5c306c02c3433a2030326add5256024bfa85ff446b4cce5ae9c972be3
322	6	376	17	41	25	75593	75617	00938d9357f35d10864d72ee685d5b5117dcad89e854317ce30a852a5586a043
323	6	6057	60	84	25	1217517	1217541	00949b3bdf03dfcbd7ad2e849a043fe26c9026151734c7f8366d787de085adce
324	6	8967	60	84	25	1802427	1802451	00966b1c44372a4df4aedaf590abbb434db48266dfe3454817642a9365c86471
325	6	221	0	24	25	44421	44445	0096871664b3db0647341a1a7c0749c8e5cc6cf36eb58fe63c2872a537fd26d1
326	6	8018	174	198	25	1611792	1611816	009799d3dbf956b822e948916eb11505cbb4856c85feca6377672cb453aa55f9
327	6	8044	138	162	25	1616982	1617006	0098cac820ed6b5216293cb9deb6ea16b5b146b9c9650679e031bcac45f6b534
328	6	118	163	187	25	23881	23905	00998912a85b6c1f53918797ca38e12ff8a7f19a5b5126b1449681f8fd5dc7a6
329	6	2927	16	40	25	588343	588367	009a4081ea2345b42f9c1317dee4cdb08371491c1cf625b064fcdad6e800f066
330	6	2250	3	27	25	452253	452277	009a89449133c91d3522a7fcd04b97d60b183b95c278451809fcaa5398b6aa53
331	6	9096	63	87	25	1828359	1828383	009c2af6ec07c82910cda5a71549cf780f01f2ef22de14bc663c3a75e91f867e
332	6	5186	119	143	25	1042505	1042529	009c4a7a0b080937a4aff497ac3c371160e6accc172c2eb2b9fa2dfc1947861e
333	6	1107	84	108	25	222591	222615	009d72248e3cbb95b7f9cff3867a47a7ebff152fc8ecc95326edf0c85049a11e
334	6	4677	87	111	25	940164	940188	009f6d7e2a6698515f0e3ffdff140037f3ee19ab3ef747f69c52b3a05046a733
335	6	6115	126	150	25	1229241	1229265	009f7c5eafd153da25ef78a05465eb238808ef18b5e8ac3a3ac9db6132145472
336	6	4477	67	91	25	899944	899968	009f9f09dd16b3c63e8eefd57a9444774f588c6e4d13c58f031b95b807afb381
337	6	689	90	114	25	138579	138603	009fcc274b06d1b2e5b6d2fd32e9c19d652df935432749ca07912275fcd1ed59
338	6	8929	54	78	25	1794783	1794807	00a0b0067581d068c354f4dde297cd15b1a0b3b2ddbc5343b5d0ca8c741485e5
339	6	9719	77	101	25	1953596	1953620	00a0d40081eb07718c0f25f0f35b298ad2fc1bbc0a23a08594d8786fc0b5aaef
340	6	6288	131	155	25	1264019	1264043	00a0f88f850e70cba1e7bbea9e52344aee49e04bae7845824dd19cac8d323f6a
341	6	7069	165	189	25	1421034	1421058	00a1367af18ce4c07d639624c7e2098b3601111a240d6fad442f3298d27911b5
342	6	7183	175	199	25	1443958	1443982	00a1589bdda6cc00ff2fe349cdccee9b7c5a7876f54c498f0782e7cb49e09355
343	6	4582	28	52	25	921010	921034	00a1715177184987e6c6aa81e9623070fdf11ddc8ffd13602c8652059239648f
344	6	4331	144	168	25	870675	870699	00a1c47e9bed2b4d2e4dfe1179c2f5cbca4f226c2bb705f675c0bdd83873b771
345	6	2406	157	181	25	483763	483787	00a209cec8c3d47082fdd09066d019387b2fffaef57c6f5d65b2097a1ea75177
346	6	7248	174	198	25	1457022	1457046	00a3941496a2348447835fa322a1df466ebd7957b79d5e27a5de47748fcbbb35
347	6	8253	125	149	25	1658978	1659002	00a3bbbdd339e1b0d32bc97a428c2a0b5651398f26357e69daf489e4ec30fa5d
348	6	2416	141	165	25	485757	485781	00a493299222450654918c05313ac6d6f42d5b1e62d8dc02e91b630ff3ae1922
349	6	1700	108	132	25	341808	341832	00a4d4af069a0523fc80ea31439fffeea453c5424f00b276d47e2e898e25b348
350	7	6495	174	198	25	1305669	1305693	00a4e6208046293581d45297f369915a95765506e4d74449a1c3e3c246a42a93
351	7	4286	38	62	25	861524	861548	00a51fc712ee44991fbc0e0d6dac6d9b0a110d9c92f37f857472b6ee0f3387b5
352	7	2722	41	65	25	547163	547187	00a57e0a1f1fba5bb6606d951021b36957f1c253a4284d11ce8d3d27fd612178
353	7	6359	100	124	25	1278259	1278283	00a6cfac72d07f0114c43b9db22e57f784828dcd47a2bf7703f00389f387f44c
354	7	8325	172	196	25	1673497	1673521	00a7155e8c440d14dfefc3304d08bd0d34ce45ed45f18e51feb55a0dc9dab0cc
355	7	821	29	53	25	165050	165074	00a8355dafd06d6f1910d0ce6e0eefc274bd207e9ef6e2b36917e3d45161711f
356	7	484	105	129	25	97389	97413	00a8a8de172f7593fafdbc300e525c50355087bad503481498ac5d50b26dab66
357	7	7464	30	54	25	1500294	1500318	00a8b3674fd3b6080456708b6e37ac9a5662f0e4bc042a626d36104177266f9e
358	7	9589	30	54	25	1927419	1927443	00a9bd626070b0ba75c375be070df143725293f1419edb6db02c979078b94d5b
359	7	1827	34	58	25	367261	367285	00aa889cef39c6fc0b74e6f539aba4024cfc0a482dc937f0657b0e961ef3cf3d
360	7	5979	83	107	25	1201862	1201886	00aad46bf71e6eb99aba078b96a96d94ad15945530f4dcb4ea3fa997b1f8ee8c
361	7	5799	57	81	25	1165656	1165680	00ac51ecdbca6a73c8af603ccefd72c2978020086edf1bcaf937b1bd90f778e8
362	7	5450	160	184	25	1095610	1095634	00ac9be5ffe99e7f7bbe8ae8f0ea4dd8af3fb8338918fdf4b2a1ed3886813e15
363	7	1152	57	81	25	231609	231633	00acb9f9f37b81f4c7ed63f7e3deacd02868757ebb4bce013ec53d4a4e83037a
364	7	4657	172	196	25	936229	936253	00ad4f49bb42bce9dec3ca57d6c717e6661efe0ba24c294a7d9faccd16a84059
365	7	6923	46	70	25	1391569	1391593	00ae0b1080ef71ebba9dc136bd4695e433632ba9a02b397c7e1125ece377fa63
366	7	7800	152	176	25	1567952	1567976	00ae50c4c0b3ba485f70ecc2055a8feda6e6f8c48b359e9df6dba79c80616ee9
367	7	6929	170	194	25	1392899	1392923	00b10dcff81f3472ada045ec776d64ed667f809198d76e6cf78126ee49154dd0
368	7	4797	131	155	25	964328	964352	00b13f1871a38104c4857e7a06145989901540ae67be53507acb0e09b401a5ad
369	7	745	80	104	25	149825	149849	00b1f29a931a7a00e31e2bf32c4b097f81c9b8ba45f6567edd9389b3cdc76dce
370	7	2022	81	105	25	406503	406527	00b1f8296dc8543ca362c54ed490d332be4756e6776beb45841d60eb82a22d0d
371	7	1328	146	170	25	267074	267098	00b4d6f83590a35bfe9b7ff7298f6cc123fd4ab6d95101bfbead83a8ee843913
372	7	1414	145	169	25	284359	284383	00b5b4bb44731184c35e3d20a8f3e4f4d57d87fee72a3d56f68edf49885def95
373	7	2559	19	43	25	514378	514402	00b659542cc1e08fc8cad7b2f2aa92d4e7a0071811adac093956118f53e7a55a
374	7	6773	38	62	25	1361411	1361435	00b7621c2c5140c493ba53bf885faecd7b39f28b0a3aef89f840dd10d75e6652
375	7	4414	47	71	25	887261	887285	00b78e29e739cfe41d48c23601cee62bb4541a8aa093318e353c3e07a9e2d5e1
376	7	2111	162	186	25	424473	424497	00b83032103d10a3bd4f8d013989cc128ab57b6d8557cbebf36663d7868edcc1
377	7	924	47	71	25	185771	185795	00b845a5a60cb307a188c131f9c91c9e881fc6c72faa8f02eac1ad7099051215
378	7	5024	16	40	25	1009840	1009864	00b90dc63223bd5e528f531451a9f1b552130f3fd2047207d1631ef19e2db1c6
379	7	706	112	136	25	142018	142042	00b96d9ae23553b36c8480d5b06ed96c7d0c35a1e9ac938ba9e4f7c96b009701
380	7	5942	163	187	25	1194505	1194529	00ba04debefc70670c6cb08a3186b1e527e1a58fb02f56f4994e6c551df1da10
381	7	3365	90	114	25	676455	676479	00ba2fab64592ad97d12eede1c53186df975e1d70387f53554ab53c4814e1d82
382	7	8862	100	124	25	1781362	1781386	00bc68555d0099f01c960e61710b409938435a76032fa1460e821d3e5cb67aee
383	7	2327	80	104	25	467807	467831	00bc6cab42601e524ac4baaa9d63c284db50d963798da7f29a55bee0ad06403c
384	7	2322	59	83	25	466781	466805	00bdc2e2c7ad507bfd3b631cc703ba821fe9da3eccac8df19945de443a9b0bea
385	7	9064	96	120	25	1821960	1821984	00beefb20c2ab84fe13174c67e2b9278252165c0e92700dac02c361a825d66b1
386	7	3331	126	150	25	669657	669681	00c08540a7ed6762b722463c7c47dad7f5a8719f08947cac70bed9260764e456
387	7	8127	102	126	25	1633629	1633653	00c0860c9d1c6848f394cbb3af7b79efe075dd9cf9ecb482d5dad10680113175
388	7	243	113	137	25	48956	48980	00c0ededf0457e7b44e920df9c75811bbc58bc6ada2d4927984c59dbcd92bbe2
389	7	177	55	79	25	35632	35656	00c0fc699f8521a3e19cd6e075d2cc56d0fc25d8ad6d1554b5b5ebfecf7e1e8a
390	7	7150	137	161	25	1437287	1437311	00c13d5fafdab8c79ee948ef70081a003af478ecca7c5cdba359abf69f04d693
391	7	4666	39	63	25	937905	937929	00c3cf9b5d7e08bd0d17456c7238a240e3d95c3f40ee434ea82a8d1a05694a20
392	7	7475	43	67	25	1502518	1502542	00c4bb4d29921650343d6930a58915339d86931343f66c843f00eb211b93f5c6
393	7	533	107	131	25	107240	107264	00c5d8de7da520e17cba45d3ffa0a1ef2a913fa32fdcca879df5f652194d148e
394	7	6788	147	171	25	1364535	1364559	00c6f9c2672437d96cfd9715a91a2804e2984e8392305b172cc46f35f91d375b
395	7	2618	31	55	25	526249	526273	00c813dade08685f95cbd99fe4544ce9132c80186d51cf507f58a52d85456010
396	7	3655	2	26	25	734657	734681	00c841d4be674770ee9fe44371ba893cf08c0219829efca0efd6a67234503d10
397	7	9460	54	78	25	1901514	1901538	00c8f2b91f7d66afe8f41cc5f53035e8e4a8eab9d26ce716113197756fbda4f2
398	7	9538	2	26	25	1917140	1917164	00c8fd0cf1dace59a5d0addff93de653c85327e31951f9cc0856266e78ac8251
399	7	848	130	154	25	170578	170602	00c92e010b3fd26a8480755e6c3df9226da7b028b81349b122601c0a810e215c
