task	stage	job_id
all	diagnostic_preflight_reused	296625
pusht	d1_reused	296637
pusht	audit_reused	296641
pusht	sensitivity_reused	296642
all	validation_development_reused	296684
reacher	prepare_reused	296645
reacher	latent_reused	296647
reacher	transition_reused	296648
reacher	pairs_reused	296649
reacher	core_reused	296650
reacher	controls_reused	296651
reacher	reachability_reused	296652
reacher	preflight	296716
reacher	b0	296717
reacher	acid_r0	296718
reacher	gate	296719
reacher	d1	296720
reacher	capture	296721
reacher	score	296722
reacher	execute	296723
reacher	audit	296724
reacher	sensitivity	296725
reacher	latency_cuda	296726
reacher	latency_episode	296727
cube	prepare_reused	296664
cube	latent_reused	296666
cube	transition_reused	296667
cube	pairs_reused	296668
cube	core_reused	296669
cube	controls_reused	296670
cube	reachability_reused	296671
cube	preflight	296728
cube	b0	296729
cube	acid_r0	296730
cube	gate	296731
cube	d1	296732
cube	capture	296733
cube	score	296734
cube	execute	296735
cube	audit	296736
cube	sensitivity	296737
cube	latency_cuda	296738
cube	latency_episode	296739
all	closed_loop_development	296740
all	mechanism	296741
all	sensitivity_analysis	296742
