eval_index	base_index	episode_id	start_step	goal_horizon	dataset_goal_step	source_global_row	goal_global_row	selection_hash
0	0	6975	34	25	58	1402009	1402033	0000137e0bb09345c4daaa50c8134d958d2ed98d0a36338244d7630bedf00bb7
1	1	4722	17	25	41	949139	949163	000174fb6bca825a31186eea72619913ff2cce48f089c62fa7021078e8b6f05d
2	2	7077	5	25	29	1422482	1422506	0001acef9f74f2ff965456c4696e54ab52c26e3f3581b38467d29af23fd7c6c7
3	3	3936	34	25	58	791170	791194	000411df56febf85b21a1ea04ac79a8f963312479aa9d84c76833220062ea92f
4	4	8238	39	25	63	1655877	1655901	00052eefc740526b503245f648212577e943bdfe1d6bfd0417a799525543ef35
5	5	4423	7	25	31	889030	889054	0005a1a70c66e8f2fdabce817ef98fcf53b7603e65a3b3ef5709d4e123253734
6	6	7848	37	25	61	1577485	1577509	0005a826bcee6c02e406ca389816b661e581108d83c0d469a2a009d579e8dbd3
7	7	8145	18	25	42	1637163	1637187	0007e39a3ae218635a26393d31db53d403c67746b592f317b81a78c99c0e234b
8	8	3770	1	25	25	757771	757795	0009dd28f88a1ec97c82f8b1d19141be5a6929dea54a58c58303699f278fb88d
9	9	779	29	25	53	156608	156632	000aa3cf9b3e96a6d54a451f73f818b4c9291793bf361161768c2f04c92f51a2
10	10	1937	47	25	71	389384	389408	000bc1801a101b0fd45c4811a1b99a40fdb2541ffdfe4ad3b2339e743f56b97d
11	11	8635	35	25	59	1735670	1735694	000cdbf148510592939b911f6ab5e456c96a0f0d4fb401a8017530f936db97b4
12	12	5704	33	25	57	1146537	1146561	000efc045a405ab2ebdb88387dcee1a124ec146fec7e22a18902274f8b7d3fbf
13	13	9366	0	25	24	1882566	1882590	0014120e2b3a25cf5db39669ce1f426e09dbad4c337620b416950a08e149cd68
14	14	6579	29	25	53	1322408	1322432	0016863cf77ab0e7638ef3707340215a297075156c95d50d5baf54145b0431fd
15	15	4014	21	25	45	806835	806859	0017fc4406d238ef346ebc2dbd18528a92ffdbedb34a03d8d0e1897e235d6886
16	16	2639	24	25	48	530463	530487	001ad6aefc1d4db001f4eb169d1bd2b0cd08f1281a21f4456ae2263c4dd3cad6
17	17	8176	10	25	34	1643386	1643410	001b2d2f320d687dcb5eb80e2d3046a6f5d2a9a9841c3f79edd54424d3d572e9
18	18	1156	38	25	62	232394	232418	001c0aa4c0ff3253c175af7b418034597dd3bbc5158d60b5acb0e7ec48db682b
19	19	891	41	25	65	179132	179156	001ca69fe5e5cb248039a1a1715c65a113ad0dea149c36af759857c0553ccd0f
20	0	6975	34	75	108	1402009	1402083	0000137e0bb09345c4daaa50c8134d958d2ed98d0a36338244d7630bedf00bb7
21	1	4722	17	75	91	949139	949213	000174fb6bca825a31186eea72619913ff2cce48f089c62fa7021078e8b6f05d
22	2	7077	5	75	79	1422482	1422556	0001acef9f74f2ff965456c4696e54ab52c26e3f3581b38467d29af23fd7c6c7
23	3	3936	34	75	108	791170	791244	000411df56febf85b21a1ea04ac79a8f963312479aa9d84c76833220062ea92f
24	4	8238	39	75	113	1655877	1655951	00052eefc740526b503245f648212577e943bdfe1d6bfd0417a799525543ef35
25	5	4423	7	75	81	889030	889104	0005a1a70c66e8f2fdabce817ef98fcf53b7603e65a3b3ef5709d4e123253734
26	6	7848	37	75	111	1577485	1577559	0005a826bcee6c02e406ca389816b661e581108d83c0d469a2a009d579e8dbd3
27	7	8145	18	75	92	1637163	1637237	0007e39a3ae218635a26393d31db53d403c67746b592f317b81a78c99c0e234b
28	8	3770	1	75	75	757771	757845	0009dd28f88a1ec97c82f8b1d19141be5a6929dea54a58c58303699f278fb88d
29	9	779	29	75	103	156608	156682	000aa3cf9b3e96a6d54a451f73f818b4c9291793bf361161768c2f04c92f51a2
30	10	1937	47	75	121	389384	389458	000bc1801a101b0fd45c4811a1b99a40fdb2541ffdfe4ad3b2339e743f56b97d
31	11	8635	35	75	109	1735670	1735744	000cdbf148510592939b911f6ab5e456c96a0f0d4fb401a8017530f936db97b4
32	12	5704	33	75	107	1146537	1146611	000efc045a405ab2ebdb88387dcee1a124ec146fec7e22a18902274f8b7d3fbf
33	13	9366	0	75	74	1882566	1882640	0014120e2b3a25cf5db39669ce1f426e09dbad4c337620b416950a08e149cd68
34	14	6579	29	75	103	1322408	1322482	0016863cf77ab0e7638ef3707340215a297075156c95d50d5baf54145b0431fd
35	15	4014	21	75	95	806835	806909	0017fc4406d238ef346ebc2dbd18528a92ffdbedb34a03d8d0e1897e235d6886
36	16	2639	24	75	98	530463	530537	001ad6aefc1d4db001f4eb169d1bd2b0cd08f1281a21f4456ae2263c4dd3cad6
37	17	8176	10	75	84	1643386	1643460	001b2d2f320d687dcb5eb80e2d3046a6f5d2a9a9841c3f79edd54424d3d572e9
38	18	1156	38	75	112	232394	232468	001c0aa4c0ff3253c175af7b418034597dd3bbc5158d60b5acb0e7ec48db682b
39	19	891	41	75	115	179132	179206	001ca69fe5e5cb248039a1a1715c65a113ad0dea149c36af759857c0553ccd0f
40	0	6975	34	150	183	1402009	1402158	0000137e0bb09345c4daaa50c8134d958d2ed98d0a36338244d7630bedf00bb7
41	1	4722	17	150	166	949139	949288	000174fb6bca825a31186eea72619913ff2cce48f089c62fa7021078e8b6f05d
42	2	7077	5	150	154	1422482	1422631	0001acef9f74f2ff965456c4696e54ab52c26e3f3581b38467d29af23fd7c6c7
43	3	3936	34	150	183	791170	791319	000411df56febf85b21a1ea04ac79a8f963312479aa9d84c76833220062ea92f
44	4	8238	39	150	188	1655877	1656026	00052eefc740526b503245f648212577e943bdfe1d6bfd0417a799525543ef35
45	5	4423	7	150	156	889030	889179	0005a1a70c66e8f2fdabce817ef98fcf53b7603e65a3b3ef5709d4e123253734
46	6	7848	37	150	186	1577485	1577634	0005a826bcee6c02e406ca389816b661e581108d83c0d469a2a009d579e8dbd3
47	7	8145	18	150	167	1637163	1637312	0007e39a3ae218635a26393d31db53d403c67746b592f317b81a78c99c0e234b
48	8	3770	1	150	150	757771	757920	0009dd28f88a1ec97c82f8b1d19141be5a6929dea54a58c58303699f278fb88d
49	9	779	29	150	178	156608	156757	000aa3cf9b3e96a6d54a451f73f818b4c9291793bf361161768c2f04c92f51a2
50	10	1937	47	150	196	389384	389533	000bc1801a101b0fd45c4811a1b99a40fdb2541ffdfe4ad3b2339e743f56b97d
51	11	8635	35	150	184	1735670	1735819	000cdbf148510592939b911f6ab5e456c96a0f0d4fb401a8017530f936db97b4
52	12	5704	33	150	182	1146537	1146686	000efc045a405ab2ebdb88387dcee1a124ec146fec7e22a18902274f8b7d3fbf
53	13	9366	0	150	149	1882566	1882715	0014120e2b3a25cf5db39669ce1f426e09dbad4c337620b416950a08e149cd68
54	14	6579	29	150	178	1322408	1322557	0016863cf77ab0e7638ef3707340215a297075156c95d50d5baf54145b0431fd
55	15	4014	21	150	170	806835	806984	0017fc4406d238ef346ebc2dbd18528a92ffdbedb34a03d8d0e1897e235d6886
56	16	2639	24	150	173	530463	530612	001ad6aefc1d4db001f4eb169d1bd2b0cd08f1281a21f4456ae2263c4dd3cad6
57	17	8176	10	150	159	1643386	1643535	001b2d2f320d687dcb5eb80e2d3046a6f5d2a9a9841c3f79edd54424d3d572e9
58	18	1156	38	150	187	232394	232543	001c0aa4c0ff3253c175af7b418034597dd3bbc5158d60b5acb0e7ec48db682b
59	19	891	41	150	190	179132	179281	001ca69fe5e5cb248039a1a1715c65a113ad0dea149c36af759857c0553ccd0f
