episode_id	episode_length	partition	selection_hash
9065	60	I1	0008db588d25b7b5d193dbcb7dd3568f016e57b63c71fe90a3d38dbc90ab1d38
17583	146	I1	000d0b413f3c9eaeeeffcdeffd96acc502b840027e6ba69cfb968a89429382cd
16359	103	I1	0031119caa69d483d8e41244fa37032732c6b74bd5fcf72ffdd78c59b55e6d40
1286	117	I1	00334afa04e1bbb1267201688b3db45badcc70aecb0caffaf4c5103ae4b1ecb2
6897	149	I1	003f46da92e8588779d53634acd1e03633e017b9fec23f361192b5b1725be14f
10872	171	I1	00408b9581818f577f32bbf54b79510da82718d2a8b47f8c6cbeb8addf2ec7c3
3851	169	I1	00b1c26a1e0fffd0b66907e4d314b33c523eb528b4b629d6347fa1045c36e984
15886	130	I1	00e419b9fcf9ccce998a7047236c9f303aaa21ea74d315a5874c1995fc9b698f
2717	141	I1	00f86dba6978a4a3ed1b9891baf1822cf4f36cf3612f6422c1926b11a6fcfc7b
10034	92	I1	010adebcf22328d9aa443bc13162615072d640bada148ba9c209b1bb5b0dac08
12653	56	I1	01437422e04758095e45a31556636a76845a78d46996b42c9410136e06435df0
5328	110	I1	015daeebf54cd9d824fb4d5a45154c6d0f41193ac8e46008f0d2f3614226b523
17888	136	I1	019491c96645faa0e48000986a759e9fc900935ee9fd31e860995412cf757ea3
2765	98	I1	01a593546d8383e9aed918d6a6abb4a61b6c478f7788bc0842ed9fc37dd7e9ee
3159	142	I1	01a7d4f65f91ba7fda7a76241cf2e487f988712567ef30504e5171649bb2ad51
1905	83	I1	01dbd2dde36a04c663f6131cfca7b0499e1480dbf31c853fbbde648bd190bf34
9374	81	I1	020331aef9b7e70e3b5a832e1fafab3a4376264f0eddca282b23137dde50c7b8
3847	169	I1	0207b9eaf289f574d881769202a218ff1df77fc8c607e4b414d357e943671587
16148	197	I1	025227a47cea110d60bf316ee20cb0684af55820de22fb0f5f0d9322e67258a9
12426	83	I1	02ad2d2ef7175058e504b80697139055a59869721688f73057ca4821ab3b69a5
6021	107	I1	02bebe5aa0967d992e24c04b9339338c3004e81f89c4249b54b75075e27fd074
3618	127	I1	02cd1fd94b85cb4d3e9fb2471028a4d397d38ba4b01830b1af8d0a189dd62ab9
302	84	I1	02d56d1734f1a9b8b0e741e259870d9f40d7cda05a1a4ece4bdf8611cd4aac35
3451	103	I1	02ee5ec65902c4637123c9e27224212d3aa61475f0a5e4aed7756a7126a6496a
13276	153	I1	0311476dcefec2b8301991bfbe932c5e2c82c4c0ba7fd1b16a362878f4a192bb
3264	115	I1	0331900a1b748971037d799a22b3051c1086d54dda617d4c6185602bb2f4c3f8
11071	148	I1	034b35d47fd423a1527242e918667927aa500f23daa86df6f1cd87513a92d186
9856	127	I1	0356670d979acfaa38161afffe043e15f91b255dfd9accd5d5ce758315f5fbca
9881	127	I1	0395364359e11f8702032da54eab74ddc5c33f11a713b534bb859bc23ab787ad
10978	116	I1	039945348f386a23883d710e4139010f1db6673cea528764b99a36851b5fcb4d
9958	141	I1	0436f26595977634890801c188896a30c420392e793cd799000b7f2ad0c5ecf9
17458	102	I1	04474f9797f75fa3657529938dd148f4562dc21f7cb36144d7042b9604a3c679
12663	56	I1	045217db314489a37c2bd120a7ae002a929b1cfab2acedc8fa94d4f5b6129cee
5908	148	I1	04685b61f872574ab72fb8f6f7de9db3cc2cde621770d50882141ae1a324733a
341	134	I1	048c92d244deb898fd2d821da3a27460e9156eac7c195f14c472f71cf082209a
12305	159	I1	04ed5e35e2da0ea68951f91a67186ac74205929036b323bbf4434b1e211b98a3
2756	98	I1	04f7ecf53689e35e9ececcee4ece75a4ad691c3c9f8296df69efeb283cd3dc9f
7845	64	I1	051749ce618b538e22ec394f7a13e9bce62c30b77d4e1ac516e7a3016e733820
18058	89	I1	0524f4cd2f383ca4ee1e24c3b18c026776a3553f4562b447675e46a780f78c9c
1673	137	I1	05362ecbb81e7e94d6ecbed0bcf39b8cb4710e0a60e3c71a409c5f646c50a68a
114	131	I1	0551ac736bd90726d26112b539192bd4daaef42c45463dfd11fe2f64215a7e76
14776	80	I1	0555b5714d77d5aa641eae18ee35db95726f623dde224277ad0cd8eb6d5786c2
16906	112	I1	055cc3deb8c29ceffc636f78aa0e0a14e2db1a58d7d13b42ceafa175bcc95af1
3968	140	I1	05afb72915fb0478c18ecf1e34027e4e21af3dc00eb90aa34c4d5e5fb5a0a44d
17087	159	I1	05c687a698993643410519318585c20c4a451165d3300df67fad38e0f0e10a22
8192	162	I1	0638581e4280b97b4acad4bdef0b541c787a8267a04223b89469c81c318d654b
10350	142	I1	066dfb901acc53bf06cdcdf229e9829165dd73f8d81bc18b95b578d1db73b07a
2364	78	I1	068f90f06c7d16f20b61148b75e5fb6afaa36816e37108a50cdc65b1f56ee877
238	84	I1	06a247194d3166dc17ff08f04c6f1e2bacd71acd613a9a67818b804df20aa5b3
8396	139	I1	06a5697c93d5988160b49633356fccf09e07265fd2f1c04cfee57e061526aad7
16197	229	I1	06b8fd3fe66c6929e9dbf2d09d31f292a06b8b52428fb0471d742dacf3451899
14825	80	I1	06d77ee00ebd98fe0ec5905cb96eb8266f9807a27f834a25a1f68c9071ef007d
2954	246	I1	06e96365feb634f2bfa3f524113652d407a8310a666ac679fef81c3f8eb81c4d
3434	103	I1	06f006ef6bcb432764c7692cb4b822b59f56d170eb0327b65388c1c31ada44ca
18511	105	I1	06f1bd555f67cd641ec9de305da15ff94c726e16f7603fc978ea5470f45243ae
1276	117	I1	070139ad96d5e43a64385e94a14f2d601e5ffa4cc5f3f4b71e490a093c3a855c
17646	146	I1	074216c91e576c45f056ab10e9eb601b4592238dd29ca84529ed95c25f907d6c
5895	148	I1	07e14fb895757f8cbb4d5c00b30a1015ee6328bb67292489b8e6efa264e11b4c
15923	130	I1	081faa3875a0fdc04a5bec0362efc9d82f3bfc9bbc9706a2586c4b89894b2ee4
2141	78	I1	082fd0c179dfad90e2ed2a641ce7ba637c8bd15f5ad0fff928a4a649e6f44b6a
9839	127	I1	0866348ee165c05f3fd6fa3cac15029f36892e804bbf00c86a67a86f4378c183
6226	141	I1	086c6a387633fd6485e98dbf989297bd17ee26119027f29ab93728a70791918a
7034	105	I1	0873f8ed75c5152c74cf1258b0572edbdba4d56bba3166332ca6fd50dc1ac2d5
16323	103	I1	0903cc78a060064d3907913aac36e08ccf32ef8d698d5aafa45c500b5251e52b
10787	98	I1	0927369e3dd3e4b5b7eaad475b760681f1c65f9050af1adf5c96ee2f0af42fa4
4809	148	I1	0929b16aad86c6f7420bdb3988d53c6f6d13b719dbdf7b545edd1104244fc8ae
9802	127	I1	092b37778af4ae767f94692a9fe693aff7ef10999987f3f5fec67541357d9d3b
18427	96	I1	09d636d37434a5cde210442e189cc1f4ef219b3efc9699492cf674883d72cdec
14277	92	I1	0a06859f2b10cb014815c73076f140fc51ec978a37124291b8557722e569b0c7
1605	137	I1	0a10ced3dc8c1b567777dacc4fe572e84de441b24279b2d620a02a1460809de3
9186	112	I1	0a1a567c52ce4af27b110df8179ca67c91f94ad0ca32d222d8e9fe336aac52a8
13580	118	I1	0a2e7de66faa0b5645acab2ef134390110179863c3b8f73a269adf7bbdce12ed
10471	190	I1	0a47b9478a96f8133ed38efe2ab882138748285f3eb2d3ff14ed0ce9b63c4c75
8157	119	I1	0aa1124cacc62b87b7d44c0d99cf4a177b8883f9dc82b1a52fb364c6fd7f8f30
14112	95	I1	0ae9721343a81dadc6704b0bbc3d4a4117bfadc15f11766a20b8f339cb75d48f
4367	99	I1	0b0301910133c203e947a35429b351bd1999997f6a7315d5ece5a11af43a3b48
10993	116	I1	0b1bc7d0c0c9adbea99b9d7a9d9f5366bbd93e1782bced9195e1d9d6a436e221
8838	167	I1	0b3a9c647a094e6925a5771f85d6af929a0fe0e5b710ae5d4cd63f937c081813
12368	145	I1	0b5cdeacdbfcf9b37babecec4920fee79dc1ead03f02882becd5524f14f7db99
16727	148	I1	0bca2715e7e093fa17750630f1e3d0ad39846074f8a00300de56e65e89b82b8c
9531	136	I1	0bf4feeb5832ee082757cdab26e65e01b6542cab6d473cb1846fa984f643ccd3
5326	110	I1	0c32def3d819e67f125793fd77162a65b29cd49ed2399e9871fe020b8e750bcc
7607	109	I1	0c44b4cbdfa571ac29cd6596c6748e352d217685647ed252ebfec40995b2d6cd
13554	118	I1	0c9b8181842265505e396772f1ca7deb024618aed51c07a87d432fc3b023ec40
7869	64	I1	0ca3e988cefe510cc897fa91d57ea36e2e695cce352da9272fa12d7d64b102cb
125	131	I1	0ccd427672edf3d0de3e1cb4f80b5e6f39b8ed415cdd6b4d88198b981e6442a3
15454	73	I1	0cd25128623f34afed79033821651cf66976d54eae4d1c5800f2b3affda6352c
11367	186	I1	0cf974318eb3696adf3426222deb0a64a8eda80e96f554c3a6924b47d7435249
11193	134	I1	0cff98cf5376b838ef22d5e8900ad6bf704afa9f10db27aca2e5f5570e3ac7af
11200	134	I1	0ddf396487fd66046caa37deb1a7c8a42c2812c9df70a7fb7282558157ae5721
11149	134	I1	0e5f4a43a8090933cce2d87fd60f330c8703ba5b6bec9caf3fa55264d39e3891
8784	73	I1	0e6f1df5c705d4364ea9f2e4ac1cba2026cc8573dc7892137e39706f70332491
12112	153	I1	0e87d4c90b082937291c8741f9f78f793c38fcf52820adda8bb06efa000931f9
2368	78	I1	0e91d84fb16241863822fbe92e12734be71f9d1fbc3e9d530df9a694d11c60e7
6139	170	I1	0edc388a2be2a70dd745e2872f0a17e0a4255fdbf26fd078b4be21b7ce806472
6770	121	I1	0ee046ad0cc9ec905d66229e8fefeaa68b180c65aecb17f8c027c2fa4d4875ec
8465	139	I1	0ee7ed75707f14c80e781d525efae33b622bdec538b7249f4d7c2847869bcdc9
17768	139	I1	0eef0e9511e74f9c53b131253eaa5a2234b09d9abe02bdf97dc5d34e96130440
18366	75	I1	0f024ab63794de2fc471265d34ce2493734c4cef70df8c523008303b2ee3cbf2
4964	166	I1	0f224665f396bf5698e0f6ab4f5ea0becbe569b16fbf816d971417528f4a413b
4725	160	I1	0f7265b317ff1e08a95a6ff3d91be5a943211d5ca816cceb62b6d334a21668f8
15800	78	I1	0f86df88484de48c5361f0e6fd85fa2bf6391d987e7156166a399e7ca8984665
11299	173	I1	0f9f9f086cfb00da596b7fd44e87185d7466510a4945f76b6049569d427e75ef
3439	103	I1	0fa932e1c317d039b41bcfdac423a3f4bf06ed479aeae521c07fe7deb200ea7d
7991	138	I1	0fded2575ccf42d0e1011cd9458d87ea900e0ac4703f35a803da4d235768abab
8136	119	I1	0fdf710f86b6d7a64317719d4a0fde3ca72db64324238ce660f74a34a28d7c73
15698	205	I1	0ff9752fa3fc1ee2dfecbf0040d923236227b058cbc89bb2f4cd60c9ee38232c
11687	94	I1	100fd6d610d54abcbf6c398dc79f2db4cf6c39ff330ad6ac540c50a5efbc0039
16883	112	I1	1037e2b7064b06f2871d25d023dba68c3631d312f6b6f9fb3e6b948ee00bce41
15714	205	I1	10553216f156ede1c7996ef00baceaa5510d1bb7b1691150b2e1d4f689bace8c
14632	122	I1	1096ccb95fdee661daa2fd60e0b89c2b95a3b0904bc8755e77f6309c5d7ff372
6619	105	I1	10c6d024b468dc6368a39943cd148c9e569d147b6cfeadc483e924f7489b35c6
12365	145	I1	1117ff4294f0c874a3d6d4252c3eac66d48af535048eb08c64de9a2d9afdbf00
8065	138	I1	113ce44506de8716eaf1f9a10863c3d86c093ef947edde170406ca239419407f
9494	136	I1	1170a3de3ef89c78d0c1564db4421dc4af1f7d6ca1896fdfc750dd5dba0d6e83
11031	148	I1	11ac7d3ad57866784d7ed82d42580277dc122688c6853959aff04002093e5cd4
2462	107	I1	11bc577d4e8d498e16fd9f03dd521b5594a8c53072b3d878afa9d74394576569
5801	103	I1	11c02538c21fac56d378d778e10fcbb98686d3a73527424b0f3ed5ea90f93530
9066	60	I1	11f605dc569166f3b5954810dfe45cc606671d2a91416b6ce5a2d1e5a2abd324
4242	82	I1	12391886b54aa057ef019f843bac343d632076c51a0051022cd0b7345a4f6397
11668	94	I1	1255f0fc26059a622a38ad00381ef5662c87117bcf57aa5f6e2c6405d6fbd463
5052	188	I1	1282504ba5761171c06a4d49f8edd7939b3359c44512a780b4e956a80e376b69
13617	118	I1	12a0eada6558e499cc8bf551dd89ea53f913adf6aec3a4bc6ce9066744c0c3b9
10136	186	I1	12a1f9d97c76e986cc4864981ab03d483262e65d36b8e401ad7c2f60d817ae2e
10156	186	I1	12caf22a53a5aea6cfd8fc0c9d0b3c12229491e34c5f2ccad39ba02dfe5839f4
15156	154	I1	12e232c90a86d0fc33b2807812b4b0a428433ecdab97c72e11ebdef777236dc3
3095	133	I1	12e2a0a368ffafbcd22bcda34f820cedb0785173ba630e6159732992e52fd646
9671	109	I1	1340d4b92d1693614ddcd28eb8656a40b649f94fc6ca278d8123ec5db8ed5658
6282	94	I1	1342cc1775c083e076083a93581c3cb9cdbc17d111ba0dd61e0486c0535c80bb
13038	120	I1	13589487917f30d415faeaabdd4d9c64f8552a9e70186f0bfb21d8442b3f6352
10193	186	I1	137ef2e166c988f9e1e51206003e4798530afb03fd21b27690385de468c2438b
14727	156	I1	13a45860d03e877619212ee81cc6b2aa143a044e17fd2bb92fbbacac172bc844
1697	137	I1	13ca247e8f5036d31eaa662fcf96fbc73a6501adb4d3cfbe13fc27dffd2bd47f
7733	105	I1	13e855fe5bdec35ea5c4450908f6ab10a3e62c3f1e2d900a4855a5bc8fd55935
16904	112	I1	13ea0109266586b525d6e2154a42a84e537ca7982bb5cd16d39b1b290ebb765a
7251	125	I1	13fa9443897a8f2f8e91a37dfd26c7742fdec3112c7b6f62dbed13be6ab21c9e
15020	85	I1	147c8ea8b31cdd4f78cad56df3c170a77649526b6f7fb8a81703120dd88af8c7
18491	105	I1	14bdabdab84ef6aefa85e10d8e8fd836253f3a9d30f8b5fa20a09f66dac250cd
3052	133	I1	14e1dafb5d5685ab82bfed4f36a8f9ab004a192d44d15d0d42b95262643bfe3d
17027	67	I1	151dde584a6d8c9495af5bede3510a47a37884d472d8eb32885b60a5cf92e5fb
16590	121	I1	1520f60e847ba6cb2f028cba608544877624594b864f89e34d0149cdcc805dc9
12005	131	I1	1533bdaf0ec8dcb7df15cd602613228a52e477edbf7559ab8d10b1fa326bdf73
17733	139	I1	155f5871cf4bf0b80cc36cddfc00251c1b2abf440492eae5f592ece04b891cf3
1646	137	I1	15e7659e1a693c473f1c17937c5c4b0d68422adb043266a77776d2eb03877b1d
16499	97	I1	16238cc0afdd4841f842f10694167ba061cdbe337805517a0bbcf43d660439c9
4111	147	I1	1654520ef60552b488bb948f731a865c114c46b35d16b1afc7a7c3c5e8679251
18052	89	I1	166fcd5716377b8d559eb1f98ab7da8128fb81b285580397babae6412f2d8379
7966	105	I1	16b6516ba26787a16ca334181997189d42abbd9349cfbc1a1fbe3edc3b3e935f
15985	178	I1	16ef04a3c6c3e7e555f31905ede9d891905915c51c5f9a235e5cdecbb1fe74b2
7409	115	I1	1700dd2e8d486a09851ba02bf9d148681b810833ef3e0220257929431db64be8
10788	98	I1	172656b19b4bcc8616321bc7fe93e23f522b86749f9286f385d79408a8518a3a
807	125	I1	1732479e9b30d393c7967e29b39e253eb028384b5482da790498d03359e25663
13010	112	I1	17334b30147d00f16f870e498e65959a1335bb9b47b4e5d17812238122e25024
6277	94	I1	17c5222a48f0f73fd23f978a8a322d5f8eafa3474a48fa49cbd8e93784972a90
6923	149	I1	182beab06b23afcca5701c832221e006fc7f4e0ca31eab947f661d6edae1fda6
12876	139	I1	1852a92a5c2317a1302c611a92d95e11d96747270e6bd177e525cd5f039c16fc
4657	160	I1	1852b22030c08043a5b0f908d27308891532dbff9ecab239c32647d83445db5a
10262	155	I1	1863cefc31d151561309ff614bf953b71b720dcd682ee78a62bb008bab49584f
11902	67	I1	18756e07268dc197b1f5dd16833ab959066efd3a17f3ea0634cd5a71ab64b9bb
4497	159	I1	188bd6d247174c293b81358f141b8fb891b5830c7844c348455843e8026c240f
8068	138	I1	197f729c57dcd2baf21f700dfbd4f11b11fc32cc3ad415722e26cab3b408ba48
10715	98	I1	19bf08465f705fe79067e379f5a079ebb92002852aec7b8a2f91004ac025d769
15215	154	I1	19f8fa1424402277e0241b4a46fa00abc74fac301ae8883f92b021a13afcfd01
1629	137	I1	1a36141e671aee1af2d2970a6c76f9173a399701382a7d12ae83dc47e7494957
4456	159	I1	1a4c77e3e6bf2c39ffa487a27e30513356c4e2cc7af83da46a7e768c501ce75d
5881	148	I1	1a5620032b88a7c0b84ce6ba5107197f3bfa532febe104244d3bb9a9b6085606
9381	81	I1	1a81df3b2a59fea9e6be2fe15ffe6e63e044f1e6c264fb732b8862c244f1f33c
15161	154	I1	1aa81ca3206bc304cbef1447cf7f65013e4b0c432693a3a66ae1952d36b7a96d
15197	154	I1	1ab4154a98b9db0dec2c4736110a05494e91ef953917c244127eb9843276250c
15844	78	I1	1ab70f840a5bee840335ba958140dd2727243a5055112f46942671cc5913977c
8637	115	I1	1b046d16c9a11642a6faea4a03a7ec102c8124b1b59cd93e947ae6733e12ebfd
475	69	I1	1b04da4f7a6c528503819e77e392b7b0cbace4f6e6286e769ee92fa301f55702
12257	159	I1	1b0d204ed031cbd84cf4460a105e1ca8d9ec6abab7589b536a351b6fe45a236e
3195	142	I1	1b1251784503976237cfe2661c783702472eedad596c849e3d981308c1621e66
16018	178	I1	1b54a3e89d3d525171b9ee81b4ad295bebe0986b7c4db822f0c2f050bef383b8
7119	107	I1	1b5ee03e655d0454494dc88d95fcf0f2bbd5ea5f49ecd042846e1930e6ba0819
16646	121	I1	1b799db29fc80333a911bcd697cc9aea5e0c5f75ac592c03894ed4aa9faee005
12010	131	I1	1b89b5c18a1c0892ca956879ee5ed1287223cfe87750742f42d9b92d39f4cd53
14281	92	I1	1bb05c6b4e3881cd73d0bed9c13c5d311e2a1fc36f194479e4d02e9ca2ca4af6
3897	169	I1	1bc4264fb89b37ba92821f7b391292b05a969f930c33f16fdabaf991c277b41a
6794	121	I1	1bd434c4b3ff14c986c7f5c3bec34fe30d2462249962d0dba4acd53c119274a1
646	158	I1	1be626a21cdbe2a5edf4b31517870c4b273b71bf21a536da0415e07be6ab8cdd
10891	171	I1	1bf61d166c4d04d49e47c9775e304bb3b928ca85629377eee11b7aca6d6670d5
3214	142	I1	1c11ef5d720a18a558fb9f41d1ab336f96c26a544dece9fcc027514fd000cedd
3522	103	I1	1c3cb61966f292bdd5179e2c891c1264d61748f07b367f655f1239e83ac66545
5990	107	I1	1c4611c339ac6739bfd4d2bd1262d1ba664d3f1d291e392b2f315109871817ae
1533	137	I1	1c4e8219d13acf8c8cde9ad05cb38c0cf18c66670a2e7ba1cf1e667d51718dc2
6094	170	I1	1c4f1d76d54666c6a9e485835382e2431f9de1614cb5db13e5a839c31cc91ebd
4251	82	I1	1c8365c92ff193c0e23299211818f61dcdc10b53641708903756b7cc1bd623a4
12282	159	I1	1c890502cac962e9ff07f8878f97389dfd4bc99c49777156a21134283243d899
16890	112	I1	1c8b5a8130ac49bd119849775bb1e2ad475f0ed8075d0fa1e4a91ef180cd3f54
2685	141	I1	1c903ac14c76901a6c9de37a8f237c231240ae047b09c1afac4a9845c92624d5
8468	139	I1	1cb0b911d89c8d05101067ae5d5ed0c1b52b780c5ad363d305265107acfe455f
16735	148	I1	1d17408ef13ae4e18bbf95868e721a98fe00b6f28cbe7a12cbc3c91131ce5dea
13411	186	I1	1d52aad701d187c91453619ffdda3ed27da7cba58522b4cd4443e1bd0b37f36c
109	131	I1	1d55f4f309c3752a8b6b4eb577779d78bbe63e4a8fc98f88dfbf74aa801d52ea
685	158	I1	1d5b7787d69ddaa3214d7b6c3f2f847eb1e4ed03a44838ec1738656d0725b7ac
5598	64	I1	1d82ca3a478d80309bd0f8ea8676a7fc3630db60ea8144177ce09fa6f161de7b
2019	125	I1	1d877ec86bccfc2c7c5e0c62cf0624d165cebec08d8bd775d5a59d9788e5ea47
8724	73	I1	1d8d1d7fe4f2b2198ccbba364be91be0fa7f276f30fab65d9a50ea483e2c3849
